,0,1,2,3,4,5,6,7,8,gene_id
4419,SL3.0ch00,maker_ITAG,gene,14875562,14878935,.,+,.,ID=gene:Solyc00g102400.3;Alias=Solyc00g102400;Name=Solyc00g102400.3;length=3373,Solyc00g102400
5107,SL3.0ch00,maker_ITAG,gene,16178730,16179624,.,-,.,ID=gene:Solyc00g141360.1;Alias=Solyc00g141360;Name=Solyc00g141360.1;length=894,Solyc00g141360
6116,SL3.0ch00,maker_ITAG,gene,20170366,20171366,.,-,.,ID=gene:Solyc00g294230.2;Alias=Solyc00g294230;Name=Solyc00g294230.2;length=1000,Solyc00g294230
11457,SL3.0ch01,maker_ITAG,gene,2764933,2774775,.,-,.,ID=gene:Solyc01g008800.2;Alias=Solyc01g008800;Name=Solyc01g008800.2;length=9842,Solyc01g008800
16240,SL3.0ch01,maker_ITAG,gene,15504164,15510115,.,-,.,ID=gene:Solyc01g014840.3;Alias=Solyc01g014840;Name=Solyc01g014840.3;length=5951,Solyc01g014840
16869,SL3.0ch01,maker_ITAG,gene,23095326,23096455,.,-,.,ID=gene:Solyc01g016960.1;Alias=Solyc01g016960;Name=Solyc01g016960.1;length=1129,Solyc01g016960
23368,SL3.0ch01,maker_ITAG,gene,72699527,72702973,.,-,.,ID=gene:Solyc01g066020.2;Alias=Solyc01g066020;Name=Solyc01g066020.2;length=3446,Solyc01g066020
24494,SL3.0ch01,maker_ITAG,gene,75386581,75390930,.,+,.,ID=gene:Solyc01g067165.1;Alias=Solyc01g067165;Name=Solyc01g067165.1;length=4349,Solyc01g067165
31666,SL3.0ch01,maker_ITAG,gene,81627956,81631138,.,-,.,ID=gene:Solyc01g086810.2;Alias=Solyc01g086810;Name=Solyc01g086810.2;length=3182,Solyc01g086810
32206,SL3.0ch01,maker_ITAG,gene,82004143,82007408,.,-,.,ID=gene:Solyc01g087200.3;Alias=Solyc01g087200;Name=Solyc01g087200.3;length=3265,Solyc01g087200
33704,SL3.0ch01,maker_ITAG,gene,82779327,82786231,.,-,.,ID=gene:Solyc01g088060.3;Alias=Solyc01g088060;Name=Solyc01g088060.3;length=6904,Solyc01g088060
35555,SL3.0ch01,maker_ITAG,gene,83996207,84001184,.,+,.,ID=gene:Solyc01g090430.3;Alias=Solyc01g090430;Name=Solyc01g090430.3;length=4977,Solyc01g090430
50813,SL3.0ch01,maker_ITAG,gene,91408051,91413209,.,+,.,ID=gene:Solyc01g102840.3;Alias=Solyc01g102840;Name=Solyc01g102840.3;length=5158,Solyc01g102840
50823,SL3.0ch01,maker_ITAG,gene,91415132,91420737,.,+,.,ID=gene:Solyc01g102850.2;Alias=Solyc01g102850;Name=Solyc01g102850.2;length=5605,Solyc01g102850
50856,SL3.0ch01,maker_ITAG,gene,91430185,91441495,.,-,.,ID=gene:Solyc01g102880.2;Alias=Solyc01g102880;Name=Solyc01g102880.2;length=11310,Solyc01g102880
50906,SL3.0ch01,maker_ITAG,gene,91455799,91456981,.,+,.,ID=gene:Solyc01g102920.2;Alias=Solyc01g102920;Name=Solyc01g102920.2;length=1182,Solyc01g102920
52236,SL3.0ch01,maker_ITAG,gene,92058665,92060974,.,-,.,ID=gene:Solyc01g103610.3;Alias=Solyc01g103610;Name=Solyc01g103610.3;length=2309,Solyc01g103610
56993,SL3.0ch01,maker_ITAG,gene,94205103,94208911,.,-,.,ID=gene:Solyc01g106410.2;Alias=Solyc01g106410;Name=Solyc01g106410.2;length=3808,Solyc01g106410
48756,SL3.0ch01,maker_ITAG,gene,90432145,90436749,.,+,.,ID=gene:Solyc01g113620.2;Alias=Solyc01g113620;Name=Solyc01g113620.2;length=4604,Solyc01g113620
67602,SL3.0ch02,maker_ITAG,gene,16126833,16127177,.,-,.,ID=gene:Solyc02g014230.1;Alias=Solyc02g014230;Name=Solyc02g014230.1;length=344,Solyc02g014230
69731,SL3.0ch02,maker_ITAG,gene,25474224,25478119,.,+,.,ID=gene:Solyc02g027080.2;Alias=Solyc02g027080;Name=Solyc02g027080.2;length=3895,Solyc02g027080
70038,SL3.0ch02,maker_ITAG,gene,25954974,25955603,.,-,.,ID=gene:Solyc02g030270.1;Alias=Solyc02g030270;Name=Solyc02g030270.1;length=629,Solyc02g030270
70050,SL3.0ch02,maker_ITAG,gene,25960033,25961246,.,-,.,ID=gene:Solyc02g030290.1;Alias=Solyc02g030290;Name=Solyc02g030290.1;length=1213,Solyc02g030290
70818,SL3.0ch02,maker_ITAG,gene,28504702,28505594,.,-,.,ID=gene:Solyc02g032230.1;Alias=Solyc02g032230;Name=Solyc02g032230.1;length=892,Solyc02g032230
70824,SL3.0ch02,maker_ITAG,gene,28526151,28527536,.,-,.,ID=gene:Solyc02g032240.1;Alias=Solyc02g032240;Name=Solyc02g032240.1;length=1385,Solyc02g032240
70830,SL3.0ch02,maker_ITAG,gene,28537528,28537743,.,-,.,ID=gene:Solyc02g032250.1;Alias=Solyc02g032250;Name=Solyc02g032250.1;length=215,Solyc02g032250
71245,SL3.0ch02,maker_ITAG,gene,29384219,29392028,.,+,.,ID=gene:Solyc02g032650.3;Alias=Solyc02g032650;Name=Solyc02g032650.3;length=7809,Solyc02g032650
71871,SL3.0ch02,maker_ITAG,gene,30959251,30967050,.,+,.,ID=gene:Solyc02g036270.3;Alias=Solyc02g036270;Name=Solyc02g036270.3;length=7799,Solyc02g036270
72215,SL3.0ch02,maker_ITAG,gene,31557661,31561574,.,+,.,ID=gene:Solyc02g037540.2;Alias=Solyc02g037540;Name=Solyc02g037540.2;length=3913,Solyc02g037540
82297,SL3.0ch02,maker_ITAG,gene,40705922,40709044,.,+,.,ID=gene:Solyc02g070410.2;Alias=Solyc02g070410;Name=Solyc02g070410.2;length=3122,Solyc02g070410
82716,SL3.0ch02,maker_ITAG,gene,40937408,40943291,.,-,.,ID=gene:Solyc02g070730.1;Alias=Solyc02g070730;Name=Solyc02g070730.1;length=5883,Solyc02g070730
85516,SL3.0ch02,maker_ITAG,gene,42325921,42330341,.,+,.,ID=gene:Solyc02g073574.1;Alias=Solyc02g073574;Name=Solyc02g073574.1;length=4420,Solyc02g073574
88254,SL3.0ch02,maker_ITAG,gene,43914703,43916115,.,+,.,ID=gene:Solyc02g078680.1;Alias=Solyc02g078680;Name=Solyc02g078680.1;length=1412,Solyc02g078680
93076,SL3.0ch02,maker_ITAG,gene,46345353,46351461,.,+,.,ID=gene:Solyc02g082050.3;Alias=Solyc02g082050;Name=Solyc02g082050.3;length=6108,Solyc02g082050
96852,SL3.0ch02,maker_ITAG,gene,48094232,48102046,.,+,.,ID=gene:Solyc02g084450.3;Alias=Solyc02g084450;Name=Solyc02g084450.3;length=7814,Solyc02g084450
97552,SL3.0ch02,maker_ITAG,gene,48588065,48590733,.,-,.,ID=gene:Solyc02g084890.2;Alias=Solyc02g084890;Name=Solyc02g084890.2;length=2668,Solyc02g084890
106295,SL3.0ch02,maker_ITAG,gene,52570426,52578827,.,+,.,ID=gene:Solyc02g090380.3;Alias=Solyc02g090380;Name=Solyc02g090380.3;length=8401,Solyc02g090380
113775,SL3.0ch03,maker_ITAG,gene,465280,467978,.,-,.,ID=gene:Solyc03g005650.1;Alias=Solyc03g005650;Name=Solyc03g005650.1;length=2698,Solyc03g005650
113781,SL3.0ch03,maker_ITAG,gene,469598,474440,.,+,.,ID=gene:Solyc03g005660.3;Alias=Solyc03g005660;Name=Solyc03g005660.3;length=4842,Solyc03g005660
113789,SL3.0ch03,maker_ITAG,gene,481174,483870,.,+,.,ID=gene:Solyc03g005670.3;Alias=Solyc03g005670;Name=Solyc03g005670.3;length=2696,Solyc03g005670
115356,SL3.0ch03,maker_ITAG,gene,1291040,1291732,.,+,.,ID=gene:Solyc03g006750.1;Alias=Solyc03g006750;Name=Solyc03g006750.1;length=692,Solyc03g006750
115360,SL3.0ch03,maker_ITAG,gene,1291040,1294696,.,+,.,ID=gene:Solyc03g006760.3;Alias=Solyc03g006760;Name=Solyc03g006760.3;length=3656,Solyc03g006760
123794,SL3.0ch03,maker_ITAG,gene,11971129,11974719,.,-,.,ID=gene:Solyc03g046207.1;Alias=Solyc03g046207;Name=Solyc03g046207.1;length=3590,Solyc03g046207
125265,SL3.0ch03,maker_ITAG,gene,24019843,24020245,.,+,.,ID=gene:Solyc03g053070.1;Alias=Solyc03g053070;Name=Solyc03g053070.1;length=402,Solyc03g053070
129353,SL3.0ch03,maker_ITAG,gene,51764971,51770414,.,+,.,ID=gene:Solyc03g078300.2;Alias=Solyc03g078300;Name=Solyc03g078300.2;length=5443,Solyc03g078300
134281,SL3.0ch03,maker_ITAG,gene,57257861,57259020,.,+,.,ID=gene:Solyc03g094100.1;Alias=Solyc03g094100;Name=Solyc03g094100.1;length=1159,Solyc03g094100
159929,SL3.0ch04,maker_ITAG,gene,355238,361526,.,+,.,ID=gene:Solyc04g005540.3;Alias=Solyc04g005540;Name=Solyc04g005540.3;length=6288,Solyc04g005540
159943,SL3.0ch04,maker_ITAG,gene,362242,367146,.,+,.,ID=gene:Solyc04g005550.2;Alias=Solyc04g005550;Name=Solyc04g005550.2;length=4904,Solyc04g005550
160549,SL3.0ch04,maker_ITAG,gene,742397,747898,.,-,.,ID=gene:Solyc04g007030.3;Alias=Solyc04g007030;Name=Solyc04g007030.3;length=5501,Solyc04g007030
160563,SL3.0ch04,maker_ITAG,gene,763876,769023,.,+,.,ID=gene:Solyc04g007050.3;Alias=Solyc04g007050;Name=Solyc04g007050.3;length=5147,Solyc04g007050
160573,SL3.0ch04,maker_ITAG,gene,773637,778420,.,+,.,ID=gene:Solyc04g007060.3;Alias=Solyc04g007060;Name=Solyc04g007060.3;length=4783,Solyc04g007060
160583,SL3.0ch04,maker_ITAG,gene,790864,796155,.,+,.,ID=gene:Solyc04g007070.3;Alias=Solyc04g007070;Name=Solyc04g007070.3;length=5291,Solyc04g007070
160601,SL3.0ch04,maker_ITAG,gene,801135,804562,.,-,.,ID=gene:Solyc04g007090.1;Alias=Solyc04g007090;Name=Solyc04g007090.1;length=3427,Solyc04g007090
160894,SL3.0ch04,maker_ITAG,gene,1035127,1040604,.,+,.,ID=gene:Solyc04g007320.2;Alias=Solyc04g007320;Name=Solyc04g007320.2;length=5477,Solyc04g007320
161146,SL3.0ch04,maker_ITAG,gene,1160127,1166547,.,-,.,ID=gene:Solyc04g007490.3;Alias=Solyc04g007490;Name=Solyc04g007490.3;length=6420,Solyc04g007490
162113,SL3.0ch04,maker_ITAG,gene,1795220,1800554,.,-,.,ID=gene:Solyc04g008120.2;Alias=Solyc04g008120;Name=Solyc04g008120.2;length=5334,Solyc04g008120
162145,SL3.0ch04,maker_ITAG,gene,1811261,1814513,.,-,.,ID=gene:Solyc04g008130.2;Alias=Solyc04g008130;Name=Solyc04g008130.2;length=3252,Solyc04g008130
162125,SL3.0ch04,maker_ITAG,gene,1811258,1827806,.,-,.,ID=gene:Solyc04g008140.2;Alias=Solyc04g008140;Name=Solyc04g008140.2;length=16548,Solyc04g008140
162151,SL3.0ch04,maker_ITAG,gene,1829341,1834179,.,-,.,ID=gene:Solyc04g008150.2;Alias=Solyc04g008150;Name=Solyc04g008150.2;length=4838,Solyc04g008150
162170,SL3.0ch04,maker_ITAG,gene,1839645,1841564,.,+,.,ID=gene:Solyc04g008160.2;Alias=Solyc04g008160;Name=Solyc04g008160.2;length=1919,Solyc04g008160
162174,SL3.0ch04,maker_ITAG,gene,1849460,1850914,.,+,.,ID=gene:Solyc04g008170.1;Alias=Solyc04g008170;Name=Solyc04g008170.1;length=1454,Solyc04g008170
162178,SL3.0ch04,maker_ITAG,gene,1853455,1855218,.,+,.,ID=gene:Solyc04g008180.2;Alias=Solyc04g008180;Name=Solyc04g008180.2;length=1763,Solyc04g008180
162188,SL3.0ch04,maker_ITAG,gene,1861459,1877383,.,+,.,ID=gene:Solyc04g008200.3;Alias=Solyc04g008200;Name=Solyc04g008200.3;length=15924,Solyc04g008200
163586,SL3.0ch04,maker_ITAG,gene,2631079,2632362,.,+,.,ID=gene:Solyc04g009090.1;Alias=Solyc04g009090;Name=Solyc04g009090.1;length=1283,Solyc04g009090
163592,SL3.0ch04,maker_ITAG,gene,2632985,2633807,.,+,.,ID=gene:Solyc04g009100.1;Alias=Solyc04g009100;Name=Solyc04g009100.1;length=822,Solyc04g009100
163598,SL3.0ch04,maker_ITAG,gene,2637223,2639754,.,+,.,ID=gene:Solyc04g009110.1;Alias=Solyc04g009110;Name=Solyc04g009110.1;length=2531,Solyc04g009110
163602,SL3.0ch04,maker_ITAG,gene,2642057,2644496,.,+,.,ID=gene:Solyc04g009120.2;Alias=Solyc04g009120;Name=Solyc04g009120.2;length=2439,Solyc04g009120
163612,SL3.0ch04,maker_ITAG,gene,2646978,2649523,.,+,.,ID=gene:Solyc04g009130.3;Alias=Solyc04g009130;Name=Solyc04g009130.3;length=2545,Solyc04g009130
163653,SL3.0ch04,maker_ITAG,gene,2655662,2658196,.,+,.,ID=gene:Solyc04g009150.1;Alias=Solyc04g009150;Name=Solyc04g009150.1;length=2534,Solyc04g009150
163751,SL3.0ch04,maker_ITAG,gene,2713609,2716146,.,-,.,ID=gene:Solyc04g009240.2;Alias=Solyc04g009240;Name=Solyc04g009240.2;length=2537,Solyc04g009240
163765,SL3.0ch04,maker_ITAG,gene,2720029,2722551,.,-,.,ID=gene:Solyc04g009250.1;Alias=Solyc04g009250;Name=Solyc04g009250.1;length=2522,Solyc04g009250
163755,SL3.0ch04,maker_ITAG,gene,2713623,2730724,.,+,.,ID=gene:Solyc04g009260.2;Alias=Solyc04g009260;Name=Solyc04g009260.2;length=17101,Solyc04g009260
163773,SL3.0ch04,maker_ITAG,gene,2736094,2738628,.,-,.,ID=gene:Solyc04g009290.1;Alias=Solyc04g009290;Name=Solyc04g009290.1;length=2534,Solyc04g009290
164409,SL3.0ch04,maker_ITAG,gene,3029134,3032096,.,-,.,ID=gene:Solyc04g009660.2;Alias=Solyc04g009660;Name=Solyc04g009660.2;length=2962,Solyc04g009660
164426,SL3.0ch04,maker_ITAG,gene,3041607,3044153,.,-,.,ID=gene:Solyc04g009690.2;Alias=Solyc04g009690;Name=Solyc04g009690.2;length=2546,Solyc04g009690
166047,SL3.0ch04,maker_ITAG,gene,4319331,4321997,.,+,.,ID=gene:Solyc04g011960.2;Alias=Solyc04g011960;Name=Solyc04g011960.2;length=2666,Solyc04g011960
166051,SL3.0ch04,maker_ITAG,gene,4339331,4341976,.,+,.,ID=gene:Solyc04g011980.1;Alias=Solyc04g011980;Name=Solyc04g011980.1;length=2645,Solyc04g011980
166055,SL3.0ch04,maker_ITAG,gene,4342930,4346393,.,+,.,ID=gene:Solyc04g011990.2;Alias=Solyc04g011990;Name=Solyc04g011990.2;length=3463,Solyc04g011990
166066,SL3.0ch04,maker_ITAG,gene,4349339,4352606,.,+,.,ID=gene:Solyc04g012010.3;Alias=Solyc04g012010;Name=Solyc04g012010.3;length=3267,Solyc04g012010
167660,SL3.0ch04,maker_ITAG,gene,5389515,5396797,.,-,.,ID=gene:Solyc04g015210.3;Alias=Solyc04g015210;Name=Solyc04g015210.3;length=7282,Solyc04g015210
167671,SL3.0ch04,maker_ITAG,gene,5406932,5412127,.,-,.,ID=gene:Solyc04g015220.3;Alias=Solyc04g015220;Name=Solyc04g015220.3;length=5195,Solyc04g015220
168229,SL3.0ch04,maker_ITAG,gene,5927424,5929459,.,-,.,ID=gene:Solyc04g015630.2;Alias=Solyc04g015630;Name=Solyc04g015630.2;length=2035,Solyc04g015630
171670,SL3.0ch04,maker_ITAG,gene,21713180,21713605,.,+,.,ID=gene:Solyc04g025590.1;Alias=Solyc04g025590;Name=Solyc04g025590.1;length=425,Solyc04g025590
171487,SL3.0ch04,maker_ITAG,gene,20803933,20806863,.,-,.,ID=gene:Solyc04g025820.1;Alias=Solyc04g025820;Name=Solyc04g025820.1;length=2930,Solyc04g025820
171181,SL3.0ch04,maker_ITAG,gene,18823872,18825410,.,+,.,ID=gene:Solyc04g026110.3;Alias=Solyc04g026110;Name=Solyc04g026110.3;length=1538,Solyc04g026110
170351,SL3.0ch04,maker_ITAG,gene,12318239,12319165,.,+,.,ID=gene:Solyc04g039980.3;Alias=Solyc04g039980;Name=Solyc04g039980.3;length=926,Solyc04g039980
170317,SL3.0ch04,maker_ITAG,gene,12312474,12319020,.,+,.,ID=gene:Solyc04g039990.3;Alias=Solyc04g039990;Name=Solyc04g039990.3;length=6546,Solyc04g039990
176277,SL3.0ch04,maker_ITAG,gene,50070343,50072216,.,-,.,ID=gene:Solyc04g051210.1;Alias=Solyc04g051210;Name=Solyc04g051210.1;length=1873,Solyc04g051210
179324,SL3.0ch04,maker_ITAG,gene,54476287,54481244,.,-,.,ID=gene:Solyc04g056570.3;Alias=Solyc04g056570;Name=Solyc04g056570.3;length=4957,Solyc04g056570
179681,SL3.0ch04,maker_ITAG,gene,54882672,54883436,.,-,.,ID=gene:Solyc04g057850.1;Alias=Solyc04g057850;Name=Solyc04g057850.1;length=764,Solyc04g057850
191137,SL3.0ch04,maker_ITAG,gene,64013980,64017547,.,+,.,ID=gene:Solyc04g079420.3;Alias=Solyc04g079420;Name=Solyc04g079420.3;length=3567,Solyc04g079420
196938,SL3.0ch05,maker_ITAG,gene,119330,122898,.,-,.,ID=gene:Solyc05g005130.2;Alias=Solyc05g005130;Name=Solyc05g005130.2;length=3568,Solyc05g005130
197212,SL3.0ch05,maker_ITAG,gene,262370,271073,.,+,.,ID=gene:Solyc05g005330.3;Alias=Solyc05g005330;Name=Solyc05g005330.3;length=8703,Solyc05g005330
199138,SL3.0ch05,maker_ITAG,gene,1263753,1277598,.,-,.,ID=gene:Solyc05g006620.3;Alias=Solyc05g006620;Name=Solyc05g006620.3;length=13845,Solyc05g006620
199156,SL3.0ch05,maker_ITAG,gene,1281121,1291292,.,+,.,ID=gene:Solyc05g006630.3;Alias=Solyc05g006630;Name=Solyc05g006630.3;length=10171,Solyc05g006630
200029,SL3.0ch05,maker_ITAG,gene,1779480,1787833,.,+,.,ID=gene:Solyc05g007170.3;Alias=Solyc05g007170;Name=Solyc05g007170.3;length=8353,Solyc05g007170
200230,SL3.0ch05,maker_ITAG,gene,1971012,1974828,.,-,.,ID=gene:Solyc05g007350.2;Alias=Solyc05g007350;Name=Solyc05g007350.2;length=3816,Solyc05g007350
200480,SL3.0ch05,maker_ITAG,gene,2136081,2142691,.,+,.,ID=gene:Solyc05g007610.2;Alias=Solyc05g007610;Name=Solyc05g007610.2;length=6610,Solyc05g007610
200499,SL3.0ch05,maker_ITAG,gene,2145109,2149502,.,-,.,ID=gene:Solyc05g007630.3;Alias=Solyc05g007630;Name=Solyc05g007630.3;length=4393,Solyc05g007630
200509,SL3.0ch05,maker_ITAG,gene,2149693,2154008,.,+,.,ID=gene:Solyc05g007640.3;Alias=Solyc05g007640;Name=Solyc05g007640.3;length=4315,Solyc05g007640
200778,SL3.0ch05,maker_ITAG,gene,2291564,2295742,.,+,.,ID=gene:Solyc05g007850.2;Alias=Solyc05g007850;Name=Solyc05g007850.2;length=4178,Solyc05g007850
201151,SL3.0ch05,maker_ITAG,gene,2500536,2503142,.,+,.,ID=gene:Solyc05g008070.3;Alias=Solyc05g008070;Name=Solyc05g008070.3;length=2606,Solyc05g008070
201991,SL3.0ch05,maker_ITAG,gene,2952665,2954185,.,-,.,ID=gene:Solyc05g008650.1;Alias=Solyc05g008650;Name=Solyc05g008650.1;length=1520,Solyc05g008650
202017,SL3.0ch05,maker_ITAG,gene,2968317,2970017,.,+,.,ID=gene:Solyc05g008690.1;Alias=Solyc05g008690;Name=Solyc05g008690.1;length=1700,Solyc05g008690
203277,SL3.0ch05,maker_ITAG,gene,3822545,3827409,.,-,.,ID=gene:Solyc05g009630.3;Alias=Solyc05g009630;Name=Solyc05g009630.3;length=4864,Solyc05g009630
203447,SL3.0ch05,maker_ITAG,gene,3947364,3949607,.,-,.,ID=gene:Solyc05g009740.1;Alias=Solyc05g009740;Name=Solyc05g009740.1;length=2243,Solyc05g009740
203451,SL3.0ch05,maker_ITAG,gene,3951622,3953749,.,-,.,ID=gene:Solyc05g009750.1;Alias=Solyc05g009750;Name=Solyc05g009750.1;length=2127,Solyc05g009750
203457,SL3.0ch05,maker_ITAG,gene,3954885,3958154,.,-,.,ID=gene:Solyc05g009760.2;Alias=Solyc05g009760;Name=Solyc05g009760.2;length=3269,Solyc05g009760
206397,SL3.0ch05,maker_ITAG,gene,5910535,5914513,.,-,.,ID=gene:Solyc05g012740.2;Alias=Solyc05g012740;Name=Solyc05g012740.2;length=3978,Solyc05g012740
206404,SL3.0ch05,maker_ITAG,gene,5916358,5917555,.,-,.,ID=gene:Solyc05g012750.2;Alias=Solyc05g012750;Name=Solyc05g012750.2;length=1197,Solyc05g012750
206543,SL3.0ch05,maker_ITAG,gene,6033016,6038448,.,+,.,ID=gene:Solyc05g012900.3;Alias=Solyc05g012900;Name=Solyc05g012900.3;length=5432,Solyc05g012900
206553,SL3.0ch05,maker_ITAG,gene,6039469,6042813,.,+,.,ID=gene:Solyc05g012910.3;Alias=Solyc05g012910;Name=Solyc05g012910.3;length=3344,Solyc05g012910
207005,SL3.0ch05,maker_ITAG,gene,6339420,6343582,.,-,.,ID=gene:Solyc05g013260.2;Alias=Solyc05g013260;Name=Solyc05g013260.2;length=4162,Solyc05g013260
207024,SL3.0ch05,maker_ITAG,gene,6376201,6389230,.,+,.,ID=gene:Solyc05g013280.3;Alias=Solyc05g013280;Name=Solyc05g013280.3;length=13029,Solyc05g013280
211648,SL3.0ch05,maker_ITAG,gene,19461667,19462964,.,+,.,ID=gene:Solyc05g018010.2;Alias=Solyc05g018010;Name=Solyc05g018010.2;length=1297,Solyc05g018010
212431,SL3.0ch05,maker_ITAG,gene,22851008,22853989,.,-,.,ID=gene:Solyc05g018710.2;Alias=Solyc05g018710;Name=Solyc05g018710.2;length=2981,Solyc05g018710
212919,SL3.0ch05,maker_ITAG,gene,26477669,26478052,.,-,.,ID=gene:Solyc05g021140.1;Alias=Solyc05g021140;Name=Solyc05g021140.1;length=383,Solyc05g021140
214028,SL3.0ch05,maker_ITAG,gene,31370434,31371105,.,+,.,ID=gene:Solyc05g024370.1;Alias=Solyc05g024370;Name=Solyc05g024370.1;length=671,Solyc05g024370
216369,SL3.0ch05,maker_ITAG,gene,55730140,55730748,.,+,.,ID=gene:Solyc05g042090.1;Alias=Solyc05g042090;Name=Solyc05g042090.1;length=608,Solyc05g042090
216373,SL3.0ch05,maker_ITAG,gene,55732995,55733615,.,+,.,ID=gene:Solyc05g042100.1;Alias=Solyc05g042100;Name=Solyc05g042100.1;length=620,Solyc05g042100
216791,SL3.0ch05,maker_ITAG,gene,57169245,57173805,.,-,.,ID=gene:Solyc05g043420.1;Alias=Solyc05g043420;Name=Solyc05g043420.1;length=4560,Solyc05g043420
216918,SL3.0ch05,maker_ITAG,gene,57473246,57477680,.,+,.,ID=gene:Solyc05g044490.2;Alias=Solyc05g044490;Name=Solyc05g044490.2;length=4434,Solyc05g044490
218194,SL3.0ch05,maker_ITAG,gene,60034512,60039871,.,+,.,ID=gene:Solyc05g047700.2;Alias=Solyc05g047700;Name=Solyc05g047700.2;length=5359,Solyc05g047700
219045,SL3.0ch05,maker_ITAG,gene,61455806,61460226,.,+,.,ID=gene:Solyc05g050430.1;Alias=Solyc05g050430;Name=Solyc05g050430.1;length=4420,Solyc05g050430
224045,SL3.0ch05,maker_ITAG,gene,64826793,64829910,.,-,.,ID=gene:Solyc05g053990.3;Alias=Solyc05g053990;Name=Solyc05g053990.3;length=3117,Solyc05g053990
224059,SL3.0ch05,maker_ITAG,gene,64834011,64839530,.,-,.,ID=gene:Solyc05g054010.3;Alias=Solyc05g054010;Name=Solyc05g054010.3;length=5519,Solyc05g054010
224074,SL3.0ch05,maker_ITAG,gene,64840496,64844954,.,+,.,ID=gene:Solyc05g054020.2;Alias=Solyc05g054020;Name=Solyc05g054020.2;length=4458,Solyc05g054020
224562,SL3.0ch05,maker_ITAG,gene,65114084,65122866,.,+,.,ID=gene:Solyc05g054340.3;Alias=Solyc05g054340;Name=Solyc05g054340.3;length=8782,Solyc05g054340
231194,SL3.0ch06,maker_ITAG,gene,2317240,2319332,.,-,.,ID=gene:Solyc06g008380.2;Alias=Solyc06g008380;Name=Solyc06g008380.2;length=2092,Solyc06g008380
231208,SL3.0ch06,maker_ITAG,gene,2325941,2332226,.,-,.,ID=gene:Solyc06g008400.2;Alias=Solyc06g008400;Name=Solyc06g008400.2;length=6285,Solyc06g008400
231229,SL3.0ch06,maker_ITAG,gene,2350825,2358814,.,-,.,ID=gene:Solyc06g008450.3;Alias=Solyc06g008450;Name=Solyc06g008450.3;length=7989,Solyc06g008450
231253,SL3.0ch06,maker_ITAG,gene,2368192,2375948,.,-,.,ID=gene:Solyc06g008480.2;Alias=Solyc06g008480;Name=Solyc06g008480.2;length=7756,Solyc06g008480
231744,SL3.0ch06,maker_ITAG,gene,2700827,2705543,.,+,.,ID=gene:Solyc06g008770.2;Alias=Solyc06g008770;Name=Solyc06g008770.2;length=4716,Solyc06g008770
231765,SL3.0ch06,maker_ITAG,gene,2717660,2724883,.,+,.,ID=gene:Solyc06g008790.3;Alias=Solyc06g008790;Name=Solyc06g008790.3;length=7223,Solyc06g008790
231775,SL3.0ch06,maker_ITAG,gene,2744132,2748459,.,+,.,ID=gene:Solyc06g008800.2;Alias=Solyc06g008800;Name=Solyc06g008800.2;length=4327,Solyc06g008800
238316,SL3.0ch06,maker_ITAG,gene,32023130,32028135,.,+,.,ID=gene:Solyc06g048910.1;Alias=Solyc06g048910;Name=Solyc06g048910.1;length=5005,Solyc06g048910
245354,SL3.0ch06,maker_ITAG,gene,39507716,39510325,.,-,.,ID=gene:Solyc06g062440.3;Alias=Solyc06g062440;Name=Solyc06g062440.3;length=2609,Solyc06g062440
247342,SL3.0ch06,maker_ITAG,gene,40431433,40433718,.,+,.,ID=gene:Solyc06g064680.1;Alias=Solyc06g064680;Name=Solyc06g064680.1;length=2285,Solyc06g064680
247346,SL3.0ch06,maker_ITAG,gene,40441974,40442663,.,+,.,ID=gene:Solyc06g064690.1;Alias=Solyc06g064690;Name=Solyc06g064690.1;length=689,Solyc06g064690
247360,SL3.0ch06,maker_ITAG,gene,40452497,40454752,.,+,.,ID=gene:Solyc06g064720.1;Alias=Solyc06g064720;Name=Solyc06g064720.1;length=2255,Solyc06g064720
247375,SL3.0ch06,maker_ITAG,gene,40466310,40468601,.,+,.,ID=gene:Solyc06g064750.1;Alias=Solyc06g064750;Name=Solyc06g064750.1;length=2291,Solyc06g064750
247379,SL3.0ch06,maker_ITAG,gene,40480585,40482873,.,+,.,ID=gene:Solyc06g064760.1;Alias=Solyc06g064760;Name=Solyc06g064760.1;length=2288,Solyc06g064760
247711,SL3.0ch06,maker_ITAG,gene,40650900,40652696,.,-,.,ID=gene:Solyc06g065000.2;Alias=Solyc06g065000;Name=Solyc06g065000.2;length=1796,Solyc06g065000
247832,SL3.0ch06,maker_ITAG,gene,40740427,40741089,.,-,.,ID=gene:Solyc06g065120.1;Alias=Solyc06g065120;Name=Solyc06g065120.1;length=662,Solyc06g065120
247848,SL3.0ch06,maker_ITAG,gene,40744956,40745875,.,+,.,ID=gene:Solyc06g065140.2;Alias=Solyc06g065140;Name=Solyc06g065140.2;length=919,Solyc06g065140
247854,SL3.0ch06,maker_ITAG,gene,40745949,40746890,.,+,.,ID=gene:Solyc06g065150.1;Alias=Solyc06g065150;Name=Solyc06g065150.1;length=941,Solyc06g065150
268085,SL3.0ch07,maker_ITAG,gene,625778,628796,.,-,.,ID=gene:Solyc07g005770.2;Alias=Solyc07g005770;Name=Solyc07g005770.2;length=3018,Solyc07g005770
273223,SL3.0ch07,maker_ITAG,gene,4234872,4237580,.,-,.,ID=gene:Solyc07g009180.1;Alias=Solyc07g009180;Name=Solyc07g009180.1;length=2708,Solyc07g009180
273227,SL3.0ch07,maker_ITAG,gene,4243390,4244985,.,-,.,ID=gene:Solyc07g009190.1;Alias=Solyc07g009190;Name=Solyc07g009190.1;length=1595,Solyc07g009190
279452,SL3.0ch07,maker_ITAG,gene,47588374,47589327,.,-,.,ID=gene:Solyc07g039440.1;Alias=Solyc07g039440;Name=Solyc07g039440.1;length=953,Solyc07g039440
283495,SL3.0ch07,maker_ITAG,gene,57967396,57982000,.,-,.,ID=gene:Solyc07g044810.3;Alias=Solyc07g044810;Name=Solyc07g044810.3;length=14604,Solyc07g044810
286060,SL3.0ch07,maker_ITAG,gene,60180692,60183268,.,-,.,ID=gene:Solyc07g049700.1;Alias=Solyc07g049700;Name=Solyc07g049700.1;length=2576,Solyc07g049700
287670,SL3.0ch07,maker_ITAG,gene,61346154,61350023,.,+,.,ID=gene:Solyc07g052770.2;Alias=Solyc07g052770;Name=Solyc07g052770.2;length=3869,Solyc07g052770
287687,SL3.0ch07,maker_ITAG,gene,61364058,61367028,.,+,.,ID=gene:Solyc07g052790.2;Alias=Solyc07g052790;Name=Solyc07g052790.2;length=2970,Solyc07g052790
287697,SL3.0ch07,maker_ITAG,gene,61375263,61376839,.,+,.,ID=gene:Solyc07g052800.2;Alias=Solyc07g052800;Name=Solyc07g052800.2;length=1576,Solyc07g052800
287891,SL3.0ch07,maker_ITAG,gene,61553376,61558510,.,-,.,ID=gene:Solyc07g053010.2;Alias=Solyc07g053010;Name=Solyc07g053010.2;length=5134,Solyc07g053010
287901,SL3.0ch07,maker_ITAG,gene,61564948,61569762,.,+,.,ID=gene:Solyc07g053020.2;Alias=Solyc07g053020;Name=Solyc07g053020.2;length=4814,Solyc07g053020
290926,SL3.0ch07,maker_ITAG,gene,63561294,63564355,.,-,.,ID=gene:Solyc07g055380.1;Alias=Solyc07g055380;Name=Solyc07g055380.1;length=3061,Solyc07g055380
291132,SL3.0ch07,maker_ITAG,gene,63718716,63721559,.,+,.,ID=gene:Solyc07g055610.2;Alias=Solyc07g055610;Name=Solyc07g055610.2;length=2843,Solyc07g055610
295086,SL3.0ch07,maker_ITAG,gene,65980332,65981410,.,+,.,ID=gene:Solyc07g063360.1;Alias=Solyc07g063360;Name=Solyc07g063360.1;length=1078,Solyc07g063360
300896,SL3.0ch08,maker_ITAG,gene,324852,328175,.,+,.,ID=gene:Solyc08g005440.3;Alias=Solyc08g005440;Name=Solyc08g005440.3;length=3323,Solyc08g005440
301013,SL3.0ch08,maker_ITAG,gene,374843,378547,.,-,.,ID=gene:Solyc08g005500.3;Alias=Solyc08g005500;Name=Solyc08g005500.3;length=3704,Solyc08g005500
301018,SL3.0ch08,maker_ITAG,gene,378849,384377,.,-,.,ID=gene:Solyc08g005510.2;Alias=Solyc08g005510;Name=Solyc08g005510.2;length=5528,Solyc08g005510
303612,SL3.0ch08,maker_ITAG,gene,1830467,1836102,.,-,.,ID=gene:Solyc08g007250.2;Alias=Solyc08g007250;Name=Solyc08g007250.2;length=5635,Solyc08g007250
304179,SL3.0ch08,maker_ITAG,gene,2161260,2164226,.,+,.,ID=gene:Solyc08g007630.1;Alias=Solyc08g007630;Name=Solyc08g007630.1;length=2966,Solyc08g007630
306063,SL3.0ch08,maker_ITAG,gene,3466081,3469403,.,+,.,ID=gene:Solyc08g013970.2;Alias=Solyc08g013970;Name=Solyc08g013970.2;length=3322,Solyc08g013970
317232,SL3.0ch08,maker_ITAG,gene,56482600,56483954,.,+,.,ID=gene:Solyc08g067380.1;Alias=Solyc08g067380;Name=Solyc08g067380.1;length=1354,Solyc08g067380
319764,SL3.0ch08,maker_ITAG,gene,58480517,58483426,.,-,.,ID=gene:Solyc08g074250.2;Alias=Solyc08g074250;Name=Solyc08g074250.2;length=2909,Solyc08g074250
322013,SL3.0ch08,maker_ITAG,gene,59886646,59890150,.,+,.,ID=gene:Solyc08g075630.3;Alias=Solyc08g075630;Name=Solyc08g075630.3;length=3504,Solyc08g075630
322025,SL3.0ch08,maker_ITAG,gene,59897385,59901538,.,+,.,ID=gene:Solyc08g075640.3;Alias=Solyc08g075640;Name=Solyc08g075640.3;length=4153,Solyc08g075640
322508,SL3.0ch08,maker_ITAG,gene,60175888,60177187,.,-,.,ID=gene:Solyc08g075980.1;Alias=Solyc08g075980;Name=Solyc08g075980.1;length=1299,Solyc08g075980
322540,SL3.0ch08,maker_ITAG,gene,60183288,60190010,.,+,.,ID=gene:Solyc08g076000.3;Alias=Solyc08g076000;Name=Solyc08g076000.3;length=6722,Solyc08g076000
334020,SL3.0ch09,maker_ITAG,gene,220540,223350,.,+,.,ID=gene:Solyc09g005290.1;Alias=Solyc09g005290;Name=Solyc09g005290.1;length=2810,Solyc09g005290
336067,SL3.0ch09,maker_ITAG,gene,1257305,1262883,.,+,.,ID=gene:Solyc09g007710.3;Alias=Solyc09g007710;Name=Solyc09g007710.3;length=5578,Solyc09g007710
344705,SL3.0ch09,maker_ITAG,gene,13619029,13621615,.,-,.,ID=gene:Solyc09g018220.2;Alias=Solyc09g018220;Name=Solyc09g018220.2;length=2586,Solyc09g018220
349601,SL3.0ch09,maker_ITAG,gene,56392407,56399355,.,+,.,ID=gene:Solyc09g059830.2;Alias=Solyc09g059830;Name=Solyc09g059830.2;length=6948,Solyc09g059830
349621,SL3.0ch09,maker_ITAG,gene,56399434,56399979,.,+,.,ID=gene:Solyc09g059840.1;Alias=Solyc09g059840;Name=Solyc09g059840.1;length=545,Solyc09g059840
350861,SL3.0ch09,maker_ITAG,gene,61280781,61283122,.,-,.,ID=gene:Solyc09g063040.1;Alias=Solyc09g063040;Name=Solyc09g063040.1;length=2341,Solyc09g063040
351564,SL3.0ch09,maker_ITAG,gene,62253576,62255924,.,-,.,ID=gene:Solyc09g064680.2;Alias=Solyc09g064680;Name=Solyc09g064680.2;length=2348,Solyc09g064680
351570,SL3.0ch09,maker_ITAG,gene,62263947,62265407,.,-,.,ID=gene:Solyc09g064690.1;Alias=Solyc09g064690;Name=Solyc09g064690.1;length=1460,Solyc09g064690
363926,SL3.0ch09,maker_ITAG,gene,71889843,71892383,.,-,.,ID=gene:Solyc09g092280.1;Alias=Solyc09g092280;Name=Solyc09g092280.1;length=2540,Solyc09g092280
363930,SL3.0ch09,maker_ITAG,gene,71899645,71902191,.,-,.,ID=gene:Solyc09g092290.1;Alias=Solyc09g092290;Name=Solyc09g092290.1;length=2546,Solyc09g092290
363934,SL3.0ch09,maker_ITAG,gene,71907833,71912233,.,-,.,ID=gene:Solyc09g092300.3;Alias=Solyc09g092300;Name=Solyc09g092300.3;length=4400,Solyc09g092300
363944,SL3.0ch09,maker_ITAG,gene,71920240,71922792,.,-,.,ID=gene:Solyc09g092310.1;Alias=Solyc09g092310;Name=Solyc09g092310.1;length=2552,Solyc09g092310
364032,SL3.0ch09,maker_ITAG,gene,71988424,71992488,.,+,.,ID=gene:Solyc09g092410.3;Alias=Solyc09g092410;Name=Solyc09g092410.3;length=4064,Solyc09g092410
365037,SL3.0ch09,maker_ITAG,gene,72491529,72503835,.,-,.,ID=gene:Solyc09g098100.3;Alias=Solyc09g098100;Name=Solyc09g098100.3;length=12306,Solyc09g098100
365082,SL3.0ch09,maker_ITAG,gene,72527604,72533377,.,+,.,ID=gene:Solyc09g098130.2;Alias=Solyc09g098130;Name=Solyc09g098130.2;length=5773,Solyc09g098130
365190,SL3.0ch09,maker_ITAG,gene,72568889,72571097,.,+,.,ID=gene:Solyc09g098210.2;Alias=Solyc09g098210;Name=Solyc09g098210.2;length=2208,Solyc09g098210
371042,SL3.0ch10,maker_ITAG,gene,2324873,2328255,.,+,.,ID=gene:Solyc10g008220.3;Alias=Solyc10g008220;Name=Solyc10g008220.3;length=3382,Solyc10g008220
371055,SL3.0ch10,maker_ITAG,gene,2329555,2332797,.,+,.,ID=gene:Solyc10g008230.2;Alias=Solyc10g008230;Name=Solyc10g008230.2;length=3242,Solyc10g008230
371071,SL3.0ch10,maker_ITAG,gene,2336197,2339230,.,+,.,ID=gene:Solyc10g008240.3;Alias=Solyc10g008240;Name=Solyc10g008240.3;length=3033,Solyc10g008240
373401,SL3.0ch10,maker_ITAG,gene,4839086,4840044,.,-,.,ID=gene:Solyc10g012280.2;Alias=Solyc10g012280;Name=Solyc10g012280.2;length=958,Solyc10g012280
373447,SL3.0ch10,maker_ITAG,gene,4960186,4960749,.,-,.,ID=gene:Solyc10g012330.1;Alias=Solyc10g012330;Name=Solyc10g012330.1;length=563,Solyc10g012330
378522,SL3.0ch10,maker_ITAG,gene,40502770,40507182,.,-,.,ID=gene:Solyc10g047320.2;Alias=Solyc10g047320;Name=Solyc10g047320.2;length=4412,Solyc10g047320
381166,SL3.0ch10,maker_ITAG,gene,51369427,51372284,.,+,.,ID=gene:Solyc10g051050.2;Alias=Solyc10g051050;Name=Solyc10g051050.2;length=2857,Solyc10g051050
381319,SL3.0ch10,maker_ITAG,gene,51606940,51608655,.,+,.,ID=gene:Solyc10g051170.2;Alias=Solyc10g051170;Name=Solyc10g051170.2;length=1715,Solyc10g051170
382582,SL3.0ch10,maker_ITAG,gene,55207473,55209149,.,+,.,ID=gene:Solyc10g054350.1;Alias=Solyc10g054350;Name=Solyc10g054350.1;length=1676,Solyc10g054350
383038,SL3.0ch10,maker_ITAG,gene,56088348,56088719,.,+,.,ID=gene:Solyc10g054940.1;Alias=Solyc10g054940;Name=Solyc10g054940.1;length=371,Solyc10g054940
383070,SL3.0ch10,maker_ITAG,gene,56119095,56119958,.,+,.,ID=gene:Solyc10g054970.1;Alias=Solyc10g054970;Name=Solyc10g054970.1;length=863,Solyc10g054970
383173,SL3.0ch10,maker_ITAG,gene,56235290,56236609,.,+,.,ID=gene:Solyc10g055050.2;Alias=Solyc10g055050;Name=Solyc10g055050.2;length=1319,Solyc10g055050
383214,SL3.0ch10,maker_ITAG,gene,56265743,56269410,.,+,.,ID=gene:Solyc10g055080.2;Alias=Solyc10g055080;Name=Solyc10g055080.2;length=3667,Solyc10g055080
383257,SL3.0ch10,maker_ITAG,gene,56314279,56317338,.,+,.,ID=gene:Solyc10g055120.1;Alias=Solyc10g055120;Name=Solyc10g055120.1;length=3059,Solyc10g055120
383279,SL3.0ch10,maker_ITAG,gene,56342801,56343493,.,+,.,ID=gene:Solyc10g055140.2;Alias=Solyc10g055140;Name=Solyc10g055140.2;length=692,Solyc10g055140
383301,SL3.0ch10,maker_ITAG,gene,56381253,56381774,.,+,.,ID=gene:Solyc10g055170.1;Alias=Solyc10g055170;Name=Solyc10g055170.1;length=521,Solyc10g055170
384413,SL3.0ch10,maker_ITAG,gene,58258640,58261909,.,+,.,ID=gene:Solyc10g074640.2;Alias=Solyc10g074640;Name=Solyc10g074640.2;length=3269,Solyc10g074640
385541,SL3.0ch10,maker_ITAG,gene,59517669,59520686,.,+,.,ID=gene:Solyc10g076440.1;Alias=Solyc10g076440;Name=Solyc10g076440.1;length=3017,Solyc10g076440
395367,SL3.0ch10,maker_ITAG,gene,64748798,64754219,.,-,.,ID=gene:Solyc10g085460.2;Alias=Solyc10g085460;Name=Solyc10g085460.2;length=5421,Solyc10g085460
395933,SL3.0ch10,maker_ITAG,gene,64986804,64987667,.,-,.,ID=gene:Solyc10g085780.1;Alias=Solyc10g085780;Name=Solyc10g085780.1;length=863,Solyc10g085780
396917,SL3.0ch10,maker_ITAG,gene,65491595,65492985,.,-,.,ID=gene:Solyc10g086590.2;Alias=Solyc10g086590;Name=Solyc10g086590.2;length=1390,Solyc10g086590
399380,SL3.0ch11,maker_ITAG,gene,1181664,1184795,.,-,.,ID=gene:Solyc11g006520.2;Alias=Solyc11g006520;Name=Solyc11g006520.2;length=3131,Solyc11g006520
399389,SL3.0ch11,maker_ITAG,gene,1186479,1189875,.,-,.,ID=gene:Solyc11g006530.2;Alias=Solyc11g006530;Name=Solyc11g006530.2;length=3396,Solyc11g006530
399524,SL3.0ch11,maker_ITAG,gene,1237332,1240207,.,+,.,ID=gene:Solyc11g006630.1;Alias=Solyc11g006630;Name=Solyc11g006630.1;length=2875,Solyc11g006630
399538,SL3.0ch11,maker_ITAG,gene,1242284,1247330,.,+,.,ID=gene:Solyc11g006640.2;Alias=Solyc11g006640;Name=Solyc11g006640.2;length=5046,Solyc11g006640
401081,SL3.0ch11,maker_ITAG,gene,2028442,2031135,.,+,.,ID=gene:Solyc11g007790.1;Alias=Solyc11g007790;Name=Solyc11g007790.1;length=2693,Solyc11g007790
404671,SL3.0ch11,maker_ITAG,gene,4170858,4183643,.,-,.,ID=gene:Solyc11g011060.2;Alias=Solyc11g011060;Name=Solyc11g011060.2;length=12785,Solyc11g011060
404651,SL3.0ch11,maker_ITAG,gene,4162066,4166345,.,-,.,ID=gene:Solyc11g011080.2;Alias=Solyc11g011080;Name=Solyc11g011080.2;length=4279,Solyc11g011080
405147,SL3.0ch11,maker_ITAG,gene,4390278,4397575,.,-,.,ID=gene:Solyc11g011350.2;Alias=Solyc11g011350;Name=Solyc11g011350.2;length=7297,Solyc11g011350
408606,SL3.0ch11,maker_ITAG,gene,7104148,7109180,.,+,.,ID=gene:Solyc11g013750.2;Alias=Solyc11g013750;Name=Solyc11g013750.2;length=5032,Solyc11g013750
410477,SL3.0ch11,maker_ITAG,gene,10154490,10155240,.,-,.,ID=gene:Solyc11g020080.2;Alias=Solyc11g020080;Name=Solyc11g020080.2;length=750,Solyc11g020080
410489,SL3.0ch11,maker_ITAG,gene,10156748,10161584,.,-,.,ID=gene:Solyc11g020100.2;Alias=Solyc11g020100;Name=Solyc11g020100.2;length=4836,Solyc11g020100
415723,SL3.0ch11,maker_ITAG,gene,33916041,33919180,.,+,.,ID=gene:Solyc11g043070.2;Alias=Solyc11g043070;Name=Solyc11g043070.2;length=3139,Solyc11g043070
415693,SL3.0ch11,maker_ITAG,gene,33861100,33862315,.,+,.,ID=gene:Solyc11g043100.1;Alias=Solyc11g043100;Name=Solyc11g043100.1;length=1215,Solyc11g043100
418217,SL3.0ch11,maker_ITAG,gene,49304613,49306806,.,+,.,ID=gene:Solyc11g062150.2;Alias=Solyc11g062150;Name=Solyc11g062150.2;length=2193,Solyc11g062150
418810,SL3.0ch11,maker_ITAG,gene,50202432,50205548,.,-,.,ID=gene:Solyc11g064770.2;Alias=Solyc11g064770;Name=Solyc11g064770.2;length=3116,Solyc11g064770
420190,SL3.0ch11,maker_ITAG,gene,51677809,51679650,.,+,.,ID=gene:Solyc11g065780.2;Alias=Solyc11g065780;Name=Solyc11g065780.2;length=1841,Solyc11g065780
420238,SL3.0ch11,maker_ITAG,gene,51679689,51680716,.,+,.,ID=gene:Solyc11g065800.2;Alias=Solyc11g065800;Name=Solyc11g065800.2;length=1027,Solyc11g065800
422705,SL3.0ch11,maker_ITAG,gene,53402331,53405813,.,+,.,ID=gene:Solyc11g068360.1;Alias=Solyc11g068360;Name=Solyc11g068360.1;length=3482,Solyc11g068360
423574,SL3.0ch11,maker_ITAG,gene,53874882,53877491,.,+,.,ID=gene:Solyc11g069020.2;Alias=Solyc11g069020;Name=Solyc11g069020.2;length=2609,Solyc11g069020
424674,SL3.0ch11,maker_ITAG,gene,54556715,54562527,.,+,.,ID=gene:Solyc11g069620.2;Alias=Solyc11g069620;Name=Solyc11g069620.2;length=5812,Solyc11g069620
424713,SL3.0ch11,maker_ITAG,gene,54566110,54588759,.,-,.,ID=gene:Solyc11g069660.2;Alias=Solyc11g069660;Name=Solyc11g069660.2;length=22649,Solyc11g069660
425083,SL3.0ch11,maker_ITAG,gene,54821268,54821913,.,+,.,ID=gene:Solyc11g069920.1;Alias=Solyc11g069920;Name=Solyc11g069920.1;length=645,Solyc11g069920
425101,SL3.0ch11,maker_ITAG,gene,54823515,54828165,.,+,.,ID=gene:Solyc11g069925.1;Alias=Solyc11g069925;Name=Solyc11g069925.1;length=4650,Solyc11g069925
425165,SL3.0ch11,maker_ITAG,gene,54871975,54876782,.,-,.,ID=gene:Solyc11g069990.2;Alias=Solyc11g069990;Name=Solyc11g069990.2;length=4807,Solyc11g069990
425806,SL3.0ch11,maker_ITAG,gene,55176357,55177622,.,+,.,ID=gene:Solyc11g071390.1;Alias=Solyc11g071390;Name=Solyc11g071390.1;length=1265,Solyc11g071390
425827,SL3.0ch11,maker_ITAG,gene,55194907,55200605,.,+,.,ID=gene:Solyc11g071420.2;Alias=Solyc11g071420;Name=Solyc11g071420.2;length=5698,Solyc11g071420
426731,SL3.0ch11,maker_ITAG,gene,55591162,55595127,.,-,.,ID=gene:Solyc11g071995.1;Alias=Solyc11g071995;Name=Solyc11g071995.1;length=3965,Solyc11g071995
427286,SL3.0ch11,maker_ITAG,gene,55849846,55850244,.,+,.,ID=gene:Solyc11g072350.1;Alias=Solyc11g072350;Name=Solyc11g072350.1;length=398,Solyc11g072350
430172,SL3.0ch12,maker_ITAG,gene,594216,596685,.,-,.,ID=gene:Solyc12g005970.1;Alias=Solyc12g005970;Name=Solyc12g005970.1;length=2469,Solyc12g005970
430239,SL3.0ch12,maker_ITAG,gene,625798,635328,.,-,.,ID=gene:Solyc12g006040.2;Alias=Solyc12g006040;Name=Solyc12g006040.2;length=9530,Solyc12g006040
434058,SL3.0ch12,maker_ITAG,gene,2695195,2697931,.,+,.,ID=gene:Solyc12g009417.1;Alias=Solyc12g009417;Name=Solyc12g009417.1;length=2736,Solyc12g009417
434121,SL3.0ch12,maker_ITAG,gene,2714592,2719595,.,+,.,ID=gene:Solyc12g009450.2;Alias=Solyc12g009450;Name=Solyc12g009450.2;length=5003,Solyc12g009450
434145,SL3.0ch12,maker_ITAG,gene,2723125,2725848,.,+,.,ID=gene:Solyc12g009460.1;Alias=Solyc12g009460;Name=Solyc12g009460.1;length=2723,Solyc12g009460
435651,SL3.0ch12,maker_ITAG,gene,3608141,3608890,.,+,.,ID=gene:Solyc12g010660.1;Alias=Solyc12g010660;Name=Solyc12g010660.1;length=749,Solyc12g010660
439096,SL3.0ch12,maker_ITAG,gene,6406183,6416407,.,+,.,ID=gene:Solyc12g016220.2;Alias=Solyc12g016220;Name=Solyc12g016220.2;length=10224,Solyc12g016220
439635,SL3.0ch12,maker_ITAG,gene,7337091,7337327,.,+,.,ID=gene:Solyc12g017730.1;Alias=Solyc12g017730;Name=Solyc12g017730.1;length=236,Solyc12g017730
439669,SL3.0ch12,maker_ITAG,gene,7412427,7414521,.,+,.,ID=gene:Solyc12g017800.2;Alias=Solyc12g017800;Name=Solyc12g017800.2;length=2094,Solyc12g017800
439677,SL3.0ch12,maker_ITAG,gene,7429251,7430000,.,+,.,ID=gene:Solyc12g017810.1;Alias=Solyc12g017810;Name=Solyc12g017810.1;length=749,Solyc12g017810
445783,SL3.0ch12,maker_ITAG,gene,52345344,52345826,.,-,.,ID=gene:Solyc12g038900.1;Alias=Solyc12g038900;Name=Solyc12g038900.1;length=482,Solyc12g038900
448077,SL3.0ch12,maker_ITAG,gene,59888553,59893834,.,-,.,ID=gene:Solyc12g044180.2;Alias=Solyc12g044180;Name=Solyc12g044180.2;length=5281,Solyc12g044180
448093,SL3.0ch12,maker_ITAG,gene,59925722,59930105,.,-,.,ID=gene:Solyc12g044190.2;Alias=Solyc12g044190;Name=Solyc12g044190.2;length=4383,Solyc12g044190
448116,SL3.0ch12,maker_ITAG,gene,59980972,59987617,.,-,.,ID=gene:Solyc12g044200.2;Alias=Solyc12g044200;Name=Solyc12g044200.2;length=6645,Solyc12g044200
455044,SL3.0ch12,maker_ITAG,gene,65800273,65804016,.,-,.,ID=gene:Solyc12g094660.2;Alias=Solyc12g094660;Name=Solyc12g094660.2;length=3743,Solyc12g094660
456818,SL3.0ch12,maker_ITAG,gene,66608788,66610475,.,+,.,ID=gene:Solyc12g096880.2;Alias=Solyc12g096880;Name=Solyc12g096880.2;length=1687,Solyc12g096880
456833,SL3.0ch12,maker_ITAG,gene,66613806,66616646,.,+,.,ID=gene:Solyc12g096900.2;Alias=Solyc12g096900;Name=Solyc12g096900.2;length=2840,Solyc12g096900
456849,SL3.0ch12,maker_ITAG,gene,66622585,66626035,.,+,.,ID=gene:Solyc12g096920.1;Alias=Solyc12g096920;Name=Solyc12g096920.1;length=3450,Solyc12g096920
456943,SL3.0ch12,maker_ITAG,gene,66665268,66666499,.,-,.,ID=gene:Solyc12g097000.2;Alias=Solyc12g097000;Name=Solyc12g097000.2;length=1231,Solyc12g097000
456950,SL3.0ch12,maker_ITAG,gene,66667722,66670941,.,-,.,ID=gene:Solyc12g097010.1;Alias=Solyc12g097010;Name=Solyc12g097010.1;length=3219,Solyc12g097010