,0,1,2,3,4,5,6,7,8,gene_id,class
141233,chr5,manual_curation,gene,21386437,21390152,.,-,.,ID=GSCOCG00042159001;Name=Cc05_g06600,Cc05_g06600,CNL
141614,chr5,manual_curation,gene,21718185,21721950,.,+,.,ID=GSCOCG00042214001;Name=Cc05_g06960,Cc05_g06960,CNL
178934,chr6,manual_curation,gene,14214542,14219699,.,-,.,ID=GSCOCG00030726001;Name=Cc06_g16180,Cc06_g16180,CNL
250413,chr9,manual_curation,gene,7078872,7080356,.,+,.,ID=GSCOCG00011290001;Name=Cc09_g06310,Cc09_g06310,CNL
332975,chr0,manual_curation,gene,165812081,165812791,.,+,.,ID=GSCOCG00006238001;Name=Cc00_g26400,Cc00_g26400,CNL
314394,chr0,manual_curation,gene,83060917,83065481,.,+,.,ID=GSCOCG00012508001;Name=Cc00_g09790,Cc00_g09790,CNL
10153,chr1,manual_curation,gene,26415667,26453362,.,+,.,ID=GSCOCG00015500001;Name=Cc01_g08110,Cc01_g08110,CNL
334534,chr0,manual_curation,gene,176162158,176164944,.,+,.,ID=GSCOCG00008593001;Name=Cc00_g28130,Cc00_g28130,CNL
284464,chr11,manual_curation,gene,16319896,16325172,.,-,.,ID=GSCOCG00034025001;Name=Cc11_g04020,Cc11_g04020,CNL
216266,chr7,manual_curation,gene,19098851,19102966,.,+,.,ID=GSCOCG00033852001;Name=Cc07_g19700,Cc07_g19700,CNL
129809,chr4,manual_curation,gene,20011512,20011826,.,-,.,ID=GSCOCG00035929001;Name=Cc04_g14050,Cc04_g14050,CNL
22763,chr1,manual_curation,gene,34441048,34446495,.,-,.,ID=GSCOCG00016376001;Name=Cc01_g16990,Cc01_g16990,
139081,chr5,manual_curation,gene,18142560,18145746,.,+,.,ID=GSCOCG00031669001;Name=Cc05_g04430,Cc05_g04430,CNL
82568,chr2,manual_curation,gene,50496287,50497604,.,+,.,ID=GSCOCG00006334001;Name=Cc02_g36250,Cc02_g36250,TNL
95055,chr3,manual_curation,gene,3762208,3765375,.,-,.,ID=GSCOCG00026195001;Name=Cc03_g04680,Cc03_g04680,CNL
105260,chr3,manual_curation,gene,22871601,22875374,.,-,.,ID=GSCOCG00015143001;Name=Cc03_g12840,Cc03_g12840,CNL
335480,chr0,manual_curation,gene,180244807,180245385,.,-,.,ID=GSCOCG00010258001;Name=Cc00_g29210,Cc00_g29210,CNL
321027,chr0,manual_curation,gene,107549515,107551647,.,-,.,ID=GSCOCG00007644001;Name=Cc00_g15420,Cc00_g15420,CNL
339665,chr0,manual_curation,gene,197716018,197717307,.,+,.,ID=GSCOCG00007686001;Name=Cc00_g34120,Cc00_g34120,
330434,chr0,manual_curation,gene,151602046,151605198,.,+,.,ID=GSCOCG00011723001;Name=Cc00_g23940,Cc00_g23940,CNL
249424,chr9,manual_curation,gene,5841566,5845334,.,+,.,ID=GSCOCG00033445001;Name=Cc09_g05580,Cc09_g05580,
335242,chr0,manual_curation,gene,178600515,178601930,.,+,.,ID=GSCOCG00005937001;Name=Cc00_g28920,Cc00_g28920,
333518,chr0,manual_curation,gene,169359063,169360889,.,-,.,ID=GSCOCG00000981001;Name=Cc00_g27040,Cc00_g27040,CNL
336667,chr0,manual_curation,gene,184677779,184678558,.,-,.,ID=GSCOCG00005597001;Name=Cc00_g30580,Cc00_g30580,CNL
2044,chr1,manual_curation,gene,2986324,2989806,.,+,.,ID=GSCOCG00037853001;Name=Cc01_g01750,Cc01_g01750,CNL
141609,chr5,manual_curation,gene,21717343,21718097,.,+,.,ID=GSCOCG00042213001;Name=Cc05_g06950,Cc05_g06950,CNL
178923,chr6,manual_curation,gene,14201879,14209726,.,-,.,ID=GSCOCG00030727001;Name=Cc06_g16170,Cc06_g16170,CNL
314387,chr0,manual_curation,gene,83044052,83046118,.,+,.,ID=GSCOCG00012506001;Name=Cc00_g09780,Cc00_g09780,CNL
212042,chr7,manual_curation,gene,13361697,13364638,.,-,.,ID=GSCOCG00037562001;Name=Cc07_g16440,Cc07_g16440,
129800,chr4,manual_curation,gene,19957904,19960546,.,-,.,ID=GSCOCG00035927001;Name=Cc04_g14040,Cc04_g14040,CNL
221198,chr8,manual_curation,gene,2134924,2136859,.,-,.,ID=GSCOCG00008796001;Name=Cc08_g01840,Cc08_g01840,
227100,chr8,manual_curation,gene,17945781,17950052,.,+,.,ID=GSCOCG00025224001;Name=Cc08_g06820,Cc08_g06820,
270656,chr10,manual_curation,gene,10766507,10772677,.,+,.,ID=GSCOCG00031457001;Name=Cc10_g10090,Cc10_g10090,CNL
311171,chr0,manual_curation,gene,58804603,58807476,.,+,.,ID=GSCOCG00005531001;Name=Cc00_g07250,Cc00_g07250,CNL
105245,chr3,manual_curation,gene,22859159,22862983,.,-,.,ID=GSCOCG00015145001;Name=Cc03_g12830,Cc03_g12830,CNL
315540,chr0,manual_curation,gene,87891846,87897602,.,-,.,ID=GSCOCG00000619001;Name=Cc00_g10790,Cc00_g10790,CNL
338548,chr0,manual_curation,gene,192248281,192250083,.,-,.,ID=GSCOCG00010960001;Name=Cc00_g32740,Cc00_g32740,
107283,chr3,manual_curation,gene,28961770,28968725,.,+,.,ID=GSCOCG00026674001;Name=Cc03_g14560,Cc03_g14560,CNL
96417,chr3,manual_curation,gene,4767509,4768853,.,+,.,ID=GSCOCG00026343001;Name=Cc03_g05750,Cc03_g05750,
308387,chr0,manual_curation,gene,39169071,39170769,.,-,.,ID=GSCOCG00000068001;Name=Cc00_g05080,Cc00_g05080,CNL
333857,chr0,manual_curation,gene,172000140,172003523,.,+,.,ID=GSCOCG00006767001;Name=Cc00_g27390,Cc00_g27390,CNL
178911,chr6,manual_curation,gene,14195803,14200520,.,-,.,ID=GSCOCG00030728001;Name=Cc06_g16160,Cc06_g16160,CNL
313948,chr0,manual_curation,gene,80599615,80603472,.,-,.,ID=GSCOCG00008946001;Name=Cc00_g09410,Cc00_g09410,CNL
100257,chr3,manual_curation,gene,8713826,8717720,.,-,.,ID=GSCOCG00033278001;Name=Cc03_g08560,Cc03_g08560,CNL
73430,chr2,manual_curation,gene,33529134,33531167,.,+,.,ID=GSCOCG00038927001;Name=Cc02_g29950,Cc02_g29950,CNL
128057,chr4,manual_curation,gene,13953864,13956746,.,-,.,ID=GSCOCG00012781001;Name=Cc04_g12660,Cc04_g12660,CNL
338754,chr0,manual_curation,gene,193611827,193613635,.,-,.,ID=GSCOCG00002366001;Name=Cc00_g33020,Cc00_g33020,CNL
82556,chr2,manual_curation,gene,50445212,50447800,.,-,.,ID=GSCOCG00006332001;Name=Cc02_g36230,Cc02_g36230,CNL
105233,chr3,manual_curation,gene,22828004,22833767,.,+,.,ID=GSCOCG00015146001;Name=Cc03_g12820,Cc03_g12820,CNL
315535,chr0,manual_curation,gene,87887923,87890595,.,-,.,ID=GSCOCG00000618001;Name=Cc00_g10780,Cc00_g10780,CNL
2345,chr1,manual_curation,gene,3724542,3730216,.,+,.,ID=GSCOCG00019293001;Name=Cc01_g02020,Cc01_g02020,CNL
308375,chr0,manual_curation,gene,39125517,39129720,.,-,.,ID=GSCOCG00000066001;Name=Cc00_g05070,Cc00_g05070,
233037,chr8,manual_curation,gene,26025051,26028089,.,-,.,ID=GSCOCG00027127001;Name=Cc08_g11280,Cc08_g11280,
336651,chr0,manual_curation,gene,184575171,184577497,.,+,.,ID=GSCOCG00008218001;Name=Cc00_g30560,Cc00_g30560,CNL
322586,chr0,manual_curation,gene,114392161,114396768,.,+,.,ID=GSCOCG00007766001;Name=Cc00_g16840,Cc00_g16840,CNL
136146,chr5,manual_curation,gene,5895030,5897863,.,+,.,ID=GSCOCG00040840001;Name=Cc05_g01950,Cc05_g01950,CNL
2026,chr1,manual_curation,gene,2901448,2904595,.,+,.,ID=GSCOCG00037856001;Name=Cc01_g01730,Cc01_g01730,CNL
314373,chr0,manual_curation,gene,82639039,82642134,.,-,.,ID=GSCOCG00013510001;Name=Cc00_g09760,Cc00_g09760,CNL
103907,chr3,manual_curation,gene,17125164,17131763,.,-,.,ID=GSCOCG00043195001;Name=Cc03_g11730,Cc03_g11730,CNL
128052,chr4,manual_curation,gene,13915450,13917123,.,-,.,ID=GSCOCG00012779001;Name=Cc04_g12650,Cc04_g12650,CNL
337579,chr0,manual_curation,gene,188413372,188415543,.,+,.,ID=GSCOCG00000798001;Name=Cc00_g31640,Cc00_g31640,CNL
129790,chr4,manual_curation,gene,19879612,19882322,.,-,.,ID=GSCOCG00035924001;Name=Cc04_g14020,Cc04_g14020,CNL
221176,chr8,manual_curation,gene,2098669,2102317,.,-,.,ID=GSCOCG00010011001;Name=Cc08_g01820,Cc08_g01820,CNL
338745,chr0,manual_curation,gene,193585155,193586972,.,+,.,ID=GSCOCG00006003001;Name=Cc00_g33010,Cc00_g33010,CNL
325781,chr0,manual_curation,gene,126193748,126198239,.,+,.,ID=GSCOCG00004841001;Name=Cc00_g19650,Cc00_g19650,CNL
82548,chr2,manual_curation,gene,50436874,50441223,.,+,.,ID=GSCOCG00006331001;Name=Cc02_g36220,Cc02_g36220,
184426,chr6,manual_curation,gene,24136340,24139213,.,-,.,ID=GSCOCG00022972001;Name=Cc06_g20410,Cc06_g20410,CNL
274800,chr10,manual_curation,gene,23116228,23120673,.,+,.,ID=GSCOCG00035313001;Name=Cc10_g13320,Cc10_g13320,CNL
141142,chr5,manual_curation,gene,21250780,21253695,.,-,.,ID=GSCOCG00042139001;Name=Cc05_g06490,Cc05_g06490,CNL
308364,chr0,manual_curation,gene,39014149,39016464,.,-,.,ID=GSCOCG00000062001;Name=Cc00_g05060,Cc00_g05060,
328825,chr0,manual_curation,gene,141725820,141728555,.,-,.,ID=GSCOCG00008112001;Name=Cc00_g22390,Cc00_g22390,CNL
153907,chr5,manual_curation,gene,28521145,28524153,.,+,.,ID=GSCOCG00038653001;Name=Cc05_g15730,Cc05_g15730,TNL
336644,chr0,manual_curation,gene,184565405,184568719,.,-,.,ID=GSCOCG00000760001;Name=Cc00_g30550,Cc00_g30550,CNL
2021,chr1,manual_curation,gene,2836974,2838023,.,+,.,ID=GSCOCG00037857001;Name=Cc01_g01720,Cc01_g01720,CNL
183686,chr6,manual_curation,gene,21776917,21779230,.,-,.,ID=GSCOCG00009739001;Name=Cc06_g19750,Cc06_g19750,CNL
333234,chr0,manual_curation,gene,168409250,168412796,.,-,.,ID=GSCOCG00012818001;Name=Cc00_g26720,Cc00_g26720,
100217,chr3,manual_curation,gene,8634477,8648287,.,-,.,ID=GSCOCG00033276001;Name=Cc03_g08540,Cc03_g08540,CNL
282732,chr11,manual_curation,gene,9747362,9748539,.,+,.,ID=GSCOCG00025560001;Name=Cc11_g02610,Cc11_g02610,CNL
314364,chr0,manual_curation,gene,82629528,82632611,.,-,.,ID=GSCOCG00013508001;Name=Cc00_g09750,Cc00_g09750,CNL
73400,chr2,manual_curation,gene,33486787,33493886,.,+,.,ID=GSCOCG00038923001;Name=Cc02_g29930,Cc02_g29930,CNL
103902,chr3,manual_curation,gene,17026230,17030039,.,-,.,ID=GSCOCG00043191001;Name=Cc03_g11720,Cc03_g11720,CNL
178509,chr6,manual_curation,gene,13807233,13810863,.,+,.,ID=GSCOCG00030767001;Name=Cc06_g15850,Cc06_g15850,
325766,chr0,manual_curation,gene,126171093,126176735,.,+,.,ID=GSCOCG00004840001;Name=Cc00_g19640,Cc00_g19640,CNL
329274,chr0,manual_curation,gene,144637133,144640818,.,+,.,ID=GSCOCG00013041001;Name=Cc00_g22820,Cc00_g22820,CNL
311139,chr0,manual_curation,gene,58668960,58672503,.,+,.,ID=GSCOCG00005527001;Name=Cc00_g07220,Cc00_g07220,CNL
225108,chr8,manual_curation,gene,9357143,9359481,.,+,.,ID=GSCOCG00007026001;Name=Cc08_g05270,Cc08_g05270,
105216,chr3,manual_curation,gene,22741260,22747890,.,+,.,ID=GSCOCG00015151001;Name=Cc03_g12800,Cc03_g12800,CNL
332852,chr0,manual_curation,gene,164837507,164841202,.,-,.,ID=GSCOCG00007717001;Name=Cc00_g26280,Cc00_g26280,CNL
282182,chr11,manual_curation,gene,6599291,6605738,.,+,.,ID=GSCOCG00033016001;Name=Cc11_g02170,Cc11_g02170,
321410,chr0,manual_curation,gene,109099186,109100484,.,-,.,ID=GSCOCG00010314001;Name=Cc00_g15740,Cc00_g15740,
107572,chr3,manual_curation,gene,29923410,29924732,.,+,.,ID=GSCOCG00026735001;Name=Cc03_g14890,Cc03_g14890,CNL
336639,chr0,manual_curation,gene,184539577,184541694,.,+,.,ID=GSCOCG00011249001;Name=Cc00_g30540,Cc00_g30540,CNL
341106,chr0,manual_curation,gene,205204591,205206315,.,+,.,ID=GSCOCG00010032001;Name=Cc00_g35880,Cc00_g35880,CNL
183677,chr6,manual_curation,gene,21760073,21766955,.,+,.,ID=GSCOCG00029048001;Name=Cc06_g19740,Cc06_g19740,CNL
217341,chr7,manual_curation,gene,23651299,23655409,.,+,.,ID=GSCOCG00015727001;Name=Cc07_g20590,Cc07_g20590,CNL
100208,chr3,manual_curation,gene,8628578,8631202,.,-,.,ID=GSCOCG00033275001;Name=Cc03_g08530,Cc03_g08530,
283105,chr11,manual_curation,gene,11203946,11207773,.,+,.,ID=GSCOCG00025496001;Name=Cc11_g02960,Cc11_g02960,CNL
73389,chr2,manual_curation,gene,33365790,33369629,.,+,.,ID=GSCOCG00038920001;Name=Cc02_g29920,Cc02_g29920,
128036,chr4,manual_curation,gene,13902931,13905402,.,-,.,ID=GSCOCG00012776001;Name=Cc04_g12630,Cc04_g12630,CNL
331790,chr0,manual_curation,gene,157788719,157790671,.,-,.,ID=GSCOCG00003627001;Name=Cc00_g25190,Cc00_g25190,CNL
321667,chr0,manual_curation,gene,110244512,110248429,.,-,.,ID=GSCOCG00009614001;Name=Cc00_g16020,Cc00_g16020,CNL
213968,chr7,manual_curation,gene,15456186,15458281,.,+,.,ID=GSCOCG00018795001;Name=Cc07_g18130,Cc07_g18130,CNL
326098,chr0,manual_curation,gene,127694197,127697331,.,-,.,ID=GSCOCG00001938001;Name=Cc00_g19990,Cc00_g19990,CNL
82532,chr2,manual_curation,gene,50403361,50406004,.,+,.,ID=GSCOCG00006327001;Name=Cc02_g36200,Cc02_g36200,CNL
184806,chr6,manual_curation,gene,25175811,25177753,.,+,.,ID=GSCOCG00023034001;Name=Cc06_g20750,Cc06_g20750,
122862,chr4,manual_curation,gene,7252988,7255900,.,+,.,ID=GSCOCG00022754001;Name=Cc04_g08800,Cc04_g08800,
335737,chr0,manual_curation,gene,181019728,181022493,.,+,.,ID=GSCOCG00011425001;Name=Cc00_g29520,Cc00_g29520,CNL
338514,chr0,manual_curation,gene,192038440,192041354,.,-,.,ID=GSCOCG00005667001;Name=Cc00_g32700,Cc00_g32700,CNL
107555,chr3,manual_curation,gene,29912622,29922109,.,+,.,ID=GSCOCG00026734001;Name=Cc03_g14880,Cc03_g14880,CNL
213637,chr7,manual_curation,gene,15086652,15090663,.,-,.,ID=GSCOCG00018839001;Name=Cc07_g17840,Cc07_g17840,CNL
136418,chr5,manual_curation,gene,7660131,7662978,.,-,.,ID=GSCOCG00018421001;Name=Cc05_g02210,Cc05_g02210,
2703,chr1,manual_curation,gene,4353168,4356659,.,+,.,ID=GSCOCG00009719001;Name=Cc01_g02350,Cc01_g02350,CNL
328362,chr0,manual_curation,gene,139503926,139505284,.,+,.,ID=GSCOCG00002155001;Name=Cc00_g22010,Cc00_g22010,CNL
336956,chr0,manual_curation,gene,185884543,185887138,.,-,.,ID=GSCOCG00009802001;Name=Cc00_g30890,Cc00_g30890,TNL
328061,chr0,manual_curation,gene,138028573,138031876,.,+,.,ID=GSCOCG00005428001;Name=Cc00_g21720,Cc00_g21720,CNL
212855,chr7,manual_curation,gene,14215921,14219977,.,+,.,ID=GSCOCG00037482001;Name=Cc07_g17040,Cc07_g17040,CNL
303744,chr0,manual_curation,gene,6426158,6426652,.,+,.,ID=GSCOCG00019006001;Name=Cc00_g01140,Cc00_g01140,CNL
333220,chr0,manual_curation,gene,168362451,168365768,.,-,.,ID=GSCOCG00003035001;Name=Cc00_g26700,Cc00_g26700,CNL
314348,chr0,manual_curation,gene,82595056,82598025,.,-,.,ID=GSCOCG00013505001;Name=Cc00_g09730,Cc00_g09730,CNL
100203,chr3,manual_curation,gene,8600693,8605093,.,-,.,ID=GSCOCG00033273001;Name=Cc03_g08520,Cc03_g08520,CNL
73382,chr2,manual_curation,gene,33322057,33326284,.,+,.,ID=GSCOCG00038918001;Name=Cc02_g29910,Cc02_g29910,CNL
95877,chr3,manual_curation,gene,4296839,4298847,.,-,.,ID=GSCOCG00026276001;Name=Cc03_g05270,Cc03_g05270,CNL
321662,chr0,manual_curation,gene,110236525,110237856,.,-,.,ID=GSCOCG00009613001;Name=Cc00_g16010,Cc00_g16010,CNL
303436,chr0,manual_curation,gene,2072949,2076194,.,-,.,ID=GSCOCG00041131001;Name=Cc00_g00850,Cc00_g00850,TNL
135591,chr5,manual_curation,gene,3284067,3307447,.,+,.,ID=GSCOCG00018230001;Name=Cc05_g01480,Cc05_g01480,
340431,chr0,manual_curation,gene,202093846,202095165,.,-,.,ID=GSCOCG00008596001;Name=Cc00_g35070,Cc00_g35070,
335728,chr0,manual_curation,gene,180969926,180973036,.,+,.,ID=GSCOCG00011855001;Name=Cc00_g29510,Cc00_g29510,CNL
332832,chr0,manual_curation,gene,164682172,164686181,.,-,.,ID=GSCOCG00007872001;Name=Cc00_g26260,Cc00_g26260,CNL
213632,chr7,manual_curation,gene,15079366,15082076,.,-,.,ID=GSCOCG00018840001;Name=Cc07_g17830,Cc07_g17830,CNL
224402,chr8,manual_curation,gene,7420427,7424466,.,+,.,ID=GSCOCG00015657001;Name=Cc08_g04600,Cc08_g04600,CNL
306200,chr0,manual_curation,gene,23289766,23295232,.,+,.,ID=GSCOCG00011599001;Name=Cc00_g03300,Cc00_g03300,CNL
325295,chr0,manual_curation,gene,124180688,124187624,.,-,.,ID=GSCOCG00011011001;Name=Cc00_g19180,Cc00_g19180,
335353,chr0,manual_curation,gene,179429467,179431910,.,-,.,ID=GSCOCG00003049001;Name=Cc00_g29070,Cc00_g29070,CNL
223852,chr8,manual_curation,gene,5936736,5939882,.,-,.,ID=GSCOCG00034227001;Name=Cc08_g04160,Cc08_g04160,CNL
286954,chr11,manual_curation,gene,21963587,21965434,.,-,.,ID=GSCOCG00020586001;Name=Cc11_g06040,Cc11_g06040,CNL
321653,chr0,manual_curation,gene,110234093,110236376,.,-,.,ID=GSCOCG00009612001;Name=Cc00_g16000,Cc00_g16000,
223437,chr8,manual_curation,gene,5285851,5290709,.,-,.,ID=GSCOCG00034184001;Name=Cc08_g03870,Cc08_g03870,CNL
340424,chr0,manual_curation,gene,202013543,202015347,.,-,.,ID=GSCOCG00007783001;Name=Cc00_g35060,Cc00_g35060,CNL
335719,chr0,manual_curation,gene,180933283,180937638,.,+,.,ID=GSCOCG00011319001;Name=Cc00_g29500,Cc00_g29500,CNL
313841,chr0,manual_curation,gene,79823149,79825914,.,-,.,ID=GSCOCG00012314001;Name=Cc00_g09280,Cc00_g09280,CNL
107539,chr3,manual_curation,gene,29816970,29819785,.,+,.,ID=GSCOCG00026731001;Name=Cc03_g14860,Cc03_g14860,CNL
213627,chr7,manual_curation,gene,15062109,15064148,.,-,.,ID=GSCOCG00018841001;Name=Cc07_g17820,Cc07_g17820,CNL
326743,chr0,manual_curation,gene,131437709,131441730,.,-,.,ID=GSCOCG00012897001;Name=Cc00_g20620,Cc00_g20620,CNL
2689,chr1,manual_curation,gene,4271034,4273738,.,+,.,ID=GSCOCG00009722001;Name=Cc01_g02330,Cc01_g02330,
231028,chr8,manual_curation,gene,24754014,24756679,.,+,.,ID=GSCOCG00026948001;Name=Cc08_g09930,Cc08_g09930,
336622,chr0,manual_curation,gene,184455627,184459319,.,-,.,ID=GSCOCG00012747001;Name=Cc00_g30510,Cc00_g30510,CNL
105089,chr3,manual_curation,gene,22114205,22124118,.,-,.,ID=GSCOCG00015174001;Name=Cc03_g12690,Cc03_g12690,CNL
183658,chr6,manual_curation,gene,21717360,21720272,.,+,.,ID=GSCOCG00029044001;Name=Cc06_g19710,Cc06_g19710,CNL
283090,chr11,manual_curation,gene,11108638,11109024,.,+,.,ID=GSCOCG00025505001;Name=Cc11_g02930,Cc11_g02930,CNL
331769,chr0,manual_curation,gene,157755000,157756340,.,-,.,ID=GSCOCG00013490001;Name=Cc00_g25160,Cc00_g25160,CNL
223432,chr8,manual_curation,gene,5283722,5285800,.,-,.,ID=GSCOCG00034183001;Name=Cc08_g03860,Cc08_g03860,CNL
331501,chr0,manual_curation,gene,156114677,156118522,.,+,.,ID=GSCOCG00011617001;Name=Cc00_g24870,Cc00_g24870,CNL
97135,chr3,manual_curation,gene,5333830,5338582,.,+,.,ID=GSCOCG00026423001;Name=Cc03_g06330,Cc03_g06330,CNL
143112,chr5,manual_curation,gene,22866806,22870079,.,-,.,ID=GSCOCG00016829001;Name=Cc05_g08170,Cc05_g08170,CNL
107534,chr3,manual_curation,gene,29659169,29662651,.,-,.,ID=GSCOCG00026728001;Name=Cc03_g14850,Cc03_g14850,CNL
213622,chr7,manual_curation,gene,15036928,15040866,.,-,.,ID=GSCOCG00018843001;Name=Cc07_g17810,Cc07_g17810,CNL
282617,chr11,manual_curation,gene,8741921,8745101,.,-,.,ID=GSCOCG00018504001;Name=Cc11_g02490,Cc11_g02490,CNL
1203,chr1,manual_curation,gene,1530068,1532450,.,-,.,ID=GSCOCG00038007001;Name=Cc01_g00950,Cc01_g00950,CNL
2684,chr1,manual_curation,gene,4269952,4270788,.,+,.,ID=GSCOCG00009723001;Name=Cc01_g02320,Cc01_g02320,CNL
325263,chr0,manual_curation,gene,123999905,124004332,.,-,.,ID=GSCOCG00007968001;Name=Cc00_g19160,Cc00_g19160,CNL
336613,chr0,manual_curation,gene,184336405,184339120,.,+,.,ID=GSCOCG00006722001;Name=Cc00_g30500,Cc00_g30500,CNL
223836,chr8,manual_curation,gene,5919409,5922762,.,-,.,ID=GSCOCG00034223001;Name=Cc08_g04140,Cc08_g04140,CNL
283085,chr11,manual_curation,gene,11104642,11105298,.,+,.,ID=GSCOCG00025506001;Name=Cc11_g02920,Cc11_g02920,CNL
331764,chr0,manual_curation,gene,157753059,157754942,.,-,.,ID=GSCOCG00013489001;Name=Cc00_g25150,Cc00_g25150,
70766,chr2,manual_curation,gene,26346982,26350149,.,+,.,ID=GSCOCG00025160001;Name=Cc02_g28000,Cc02_g28000,CNL
269047,chr10,manual_curation,gene,8085307,8093245,.,+,.,ID=GSCOCG00034352001;Name=Cc10_g08710,Cc10_g08710,CNL
126146,chr4,manual_curation,gene,11051048,11052876,.,+,.,ID=GSCOCG00037265001;Name=Cc04_g11070,Cc04_g11070,CNL
326060,chr0,manual_curation,gene,127572581,127576715,.,+,.,ID=GSCOCG00002044001;Name=Cc00_g19950,Cc00_g19950,CNL
108367,chr3,manual_curation,gene,31102874,31105186,.,-,.,ID=GSCOCG00026833001;Name=Cc03_g15490,Cc03_g15490,CNL
340412,chr0,manual_curation,gene,201985246,201986778,.,-,.,ID=GSCOCG00005762001;Name=Cc00_g35040,Cc00_g35040,CNL
336017,chr0,manual_curation,gene,181707893,181709023,.,-,.,ID=GSCOCG00007720001;Name=Cc00_g29840,Cc00_g29840,CNL
313819,chr0,manual_curation,gene,79814033,79816795,.,-,.,ID=GSCOCG00012312001;Name=Cc00_g09260,Cc00_g09260,CNL
224760,chr8,manual_curation,gene,8792994,8796980,.,+,.,ID=GSCOCG00042474001;Name=Cc08_g04930,Cc08_g04930,
2673,chr1,manual_curation,gene,4236005,4239835,.,-,.,ID=GSCOCG00009725001;Name=Cc01_g02310,Cc01_g02310,CNL
333763,chr0,manual_curation,gene,171716690,171721620,.,-,.,ID=GSCOCG00011137001;Name=Cc00_g27310,Cc00_g27310,CNL
171715,chr6,manual_curation,gene,8983770,8986355,.,+,.,ID=GSCOCG00041697001;Name=Cc06_g11100,Cc06_g11100,CNL
311003,chr0,manual_curation,gene,57281282,57284383,.,-,.,ID=GSCOCG00008958001;Name=Cc00_g07090,Cc00_g07090,
105060,chr3,manual_curation,gene,22042557,22052611,.,-,.,ID=GSCOCG00015179001;Name=Cc03_g12670,Cc03_g12670,CNL
338418,chr0,manual_curation,gene,191616474,191618870,.,+,.,ID=GSCOCG00010260001;Name=Cc00_g32580,Cc00_g32580,CNL
128352,chr4,manual_curation,gene,14900470,14903463,.,-,.,ID=GSCOCG00011352001;Name=Cc04_g12940,Cc04_g12940,CNL
49256,chr2,manual_curation,gene,11064535,11065484,.,-,.,ID=GSCOCG00029231001;Name=Cc02_g12830,Cc02_g12830,
110424,chr4,manual_curation,gene,397090,400425,.,+,.,ID=GSCOCG00021669001;Name=Cc04_g00520,Cc04_g00520,
340407,chr0,manual_curation,gene,201976022,201977422,.,+,.,ID=GSCOCG00004881001;Name=Cc00_g35030,Cc00_g35030,
340736,chr0,manual_curation,gene,203483739,203485224,.,-,.,ID=GSCOCG00002541001;Name=Cc00_g35390,Cc00_g35390,
282603,chr11,manual_curation,gene,8669801,8674989,.,-,.,ID=GSCOCG00018501001;Name=Cc11_g02470,Cc11_g02470,CNL
10433,chr1,manual_curation,gene,26756563,26758416,.,-,.,ID=GSCOCG00015532001;Name=Cc01_g08290,Cc01_g08290,
323746,chr0,manual_curation,gene,117849355,117850605,.,+,.,ID=GSCOCG00012391001;Name=Cc00_g17770,Cc00_g17770,CNL
1183,chr1,manual_curation,gene,1500130,1500961,.,-,.,ID=GSCOCG00038009001;Name=Cc01_g00930,Cc01_g00930,
220867,chr8,manual_curation,gene,1778044,1781383,.,-,.,ID=GSCOCG00038348001;Name=Cc08_g01670,Cc08_g01670,CNL
334106,chr0,manual_curation,gene,173825921,173829974,.,-,.,ID=GSCOCG00008393001;Name=Cc00_g27660,Cc00_g27660,CNL
105040,chr3,manual_curation,gene,21935775,21941413,.,-,.,ID=GSCOCG00015184001;Name=Cc03_g12660,Cc03_g12660,CNL
338099,chr0,manual_curation,gene,190282469,190285333,.,+,.,ID=GSCOCG00006454001;Name=Cc00_g32210,Cc00_g32210,CNL
338409,chr0,manual_curation,gene,191580715,191581656,.,-,.,ID=GSCOCG00010241001;Name=Cc00_g32570,Cc00_g32570,
283069,chr11,manual_curation,gene,11085565,11093025,.,+,.,ID=GSCOCG00025510001;Name=Cc11_g02900,Cc11_g02900,CNL
335071,chr0,manual_curation,gene,177990164,177993214,.,-,.,ID=GSCOCG00006626001;Name=Cc00_g28740,Cc00_g28740,CNL
101964,chr3,manual_curation,gene,12767130,12769190,.,+,.,ID=GSCOCG00031015001;Name=Cc03_g10130,Cc03_g10130,CNL
287305,chr11,manual_curation,gene,22609692,22613354,.,-,.,ID=GSCOCG00020646001;Name=Cc11_g06360,Cc11_g06360,CNL
108347,chr3,manual_curation,gene,31053091,31056501,.,-,.,ID=GSCOCG00026829001;Name=Cc03_g15470,Cc03_g15470,CNL
97095,chr3,manual_curation,gene,5307633,5310807,.,+,.,ID=GSCOCG00026420001;Name=Cc03_g06300,Cc03_g06300,CNL
336001,chr0,manual_curation,gene,181668295,181670571,.,-,.,ID=GSCOCG00013372001;Name=Cc00_g29820,Cc00_g29820,CNL
202972,chr7,manual_curation,gene,7295603,7298152,.,+,.,ID=GSCOCG00037175001;Name=Cc07_g09980,Cc07_g09980,CNL
107512,chr3,manual_curation,gene,29647225,29651413,.,+,.,ID=GSCOCG00026725001;Name=Cc03_g14820,Cc03_g14820,CNL
317493,chr0,manual_curation,gene,95605375,95608251,.,+,.,ID=GSCOCG00010385001;Name=Cc00_g12420,Cc00_g12420,CNL
337139,chr0,manual_curation,gene,186874927,186878272,.,-,.,ID=GSCOCG00009994001;Name=Cc00_g31120,Cc00_g31120,CNL
220854,chr8,manual_curation,gene,1766000,1769312,.,-,.,ID=GSCOCG00038350001;Name=Cc08_g01660,Cc08_g01660,CNL
330538,chr0,manual_curation,gene,152281542,152283825,.,-,.,ID=GSCOCG00010012001;Name=Cc00_g24040,Cc00_g24040,CNL
254239,chr9,manual_curation,gene,17340889,17342522,.,+,.,ID=GSCOCG00023068001;Name=Cc09_g09290,Cc09_g09290,TNL
223809,chr8,manual_curation,gene,5880525,5883680,.,-,.,ID=GSCOCG00034217001;Name=Cc08_g04110,Cc08_g04110,CNL
331741,chr0,manual_curation,gene,157275423,157277029,.,+,.,ID=GSCOCG00002182001;Name=Cc00_g25120,Cc00_g25120,CNL
320467,chr0,manual_curation,gene,105527836,105530613,.,-,.,ID=GSCOCG00009951001;Name=Cc00_g14940,Cc00_g14940,CNL
331465,chr0,manual_curation,gene,155902167,155905448,.,+,.,ID=GSCOCG00002362001;Name=Cc00_g24830,Cc00_g24830,CNL
337426,chr0,manual_curation,gene,188014163,188016055,.,+,.,ID=GSCOCG00012294001;Name=Cc00_g31470,Cc00_g31470,CNL
1164,chr1,manual_curation,gene,1431718,1433519,.,-,.,ID=GSCOCG00038012001;Name=Cc01_g00910,Cc01_g00910,CNL
22060,chr1,manual_curation,gene,34063798,34067029,.,+,.,ID=GSCOCG00016443001;Name=Cc01_g16430,Cc01_g16430,
220849,chr8,manual_curation,gene,1675412,1678766,.,-,.,ID=GSCOCG00038353001;Name=Cc08_g01650,Cc08_g01650,CNL
304537,chr0,manual_curation,gene,13139796,13142654,.,-,.,ID=GSCOCG00001841001;Name=Cc00_g02080,Cc00_g02080,CNL
339817,chr0,manual_curation,gene,198874356,198876154,.,-,.,ID=GSCOCG00013330001;Name=Cc00_g34280,Cc00_g34280,CNL
712,chr1,manual_curation,gene,714435,718476,.,+,.,ID=GSCOCG00011024001;Name=Cc01_g00470,Cc01_g00470,CNL
332093,chr0,manual_curation,gene,159429689,159431833,.,-,.,ID=GSCOCG00008130001;Name=Cc00_g25470,Cc00_g25470,
102274,chr3,manual_curation,gene,13728060,13733202,.,+,.,ID=GSCOCG00031065001;Name=Cc03_g10470,Cc03_g10470,CNL
339283,chr0,manual_curation,gene,195908005,195909675,.,+,.,ID=GSCOCG00002406001;Name=Cc00_g33630,Cc00_g33630,
322011,chr0,manual_curation,gene,111677800,111681300,.,+,.,ID=GSCOCG00008241001;Name=Cc00_g16300,Cc00_g16300,CNL
108335,chr3,manual_curation,gene,30972245,30976754,.,-,.,ID=GSCOCG00026825001;Name=Cc03_g15450,Cc03_g15450,CNL
331458,chr0,manual_curation,gene,155901561,155902003,.,+,.,ID=GSCOCG00002361001;Name=Cc00_g24820,Cc00_g24820,CNL
107500,chr3,manual_curation,gene,29599571,29603977,.,+,.,ID=GSCOCG00026722001;Name=Cc03_g14800,Cc03_g14800,CNL
73182,chr2,manual_curation,gene,32678309,32681998,.,+,.,ID=GSCOCG00038877001;Name=Cc02_g29760,Cc02_g29760,
337127,chr0,manual_curation,gene,186858777,186861413,.,+,.,ID=GSCOCG00007986001;Name=Cc00_g31100,Cc00_g31100,CNL
319914,chr0,manual_curation,gene,103801433,103804367,.,-,.,ID=GSCOCG00012357001;Name=Cc00_g14490,Cc00_g14490,CNL
220844,chr8,manual_curation,gene,1663572,1667914,.,-,.,ID=GSCOCG00038355001;Name=Cc08_g01640,Cc08_g01640,CNL
334071,chr0,manual_curation,gene,173627024,173629888,.,-,.,ID=GSCOCG00006489001;Name=Cc00_g27630,Cc00_g27630,CNL
254221,chr9,manual_curation,gene,17235069,17242564,.,-,.,ID=GSCOCG00023073001;Name=Cc09_g09270,Cc09_g09270,CNL
339804,chr0,manual_curation,gene,198827588,198829754,.,+,.,ID=GSCOCG00000106001;Name=Cc00_g34270,Cc00_g34270,CNL
143985,chr5,manual_curation,gene,23490813,23492963,.,-,.,ID=GSCOCG00016930001;Name=Cc05_g08910,Cc05_g08910,CNL
312262,chr0,manual_curation,gene,68244924,68248470,.,-,.,ID=GSCOCG00006950001;Name=Cc00_g08130,Cc00_g08130,CNL
280193,chr11,manual_curation,gene,2153864,2161259,.,+,.,ID=GSCOCG00019769001;Name=Cc11_g00700,Cc11_g00700,TNL
221664,chr8,manual_curation,gene,2772598,2775483,.,-,.,ID=GSCOCG00037693001;Name=Cc08_g02280,Cc08_g02280,CNL
333086,chr0,manual_curation,gene,167359476,167360339,.,-,.,ID=GSCOCG00012231001;Name=Cc00_g26540,Cc00_g26540,CNL
10389,chr1,manual_curation,gene,26671367,26673856,.,-,.,ID=GSCOCG00015525001;Name=Cc01_g08250,Cc01_g08250,
73171,chr2,manual_curation,gene,32676035,32678006,.,+,.,ID=GSCOCG00038876001;Name=Cc02_g29750,Cc02_g29750,CNL
272652,chr10,manual_curation,gene,20336862,20340353,.,+,.,ID=GSCOCG00031847001;Name=Cc10_g11760,Cc10_g11760,
180052,chr6,manual_curation,gene,15492381,15495481,.,-,.,ID=GSCOCG00012647001;Name=Cc06_g17040,Cc06_g17040,CNL
334056,chr0,manual_curation,gene,173618094,173621913,.,+,.,ID=GSCOCG00001694001;Name=Cc00_g27620,Cc00_g27620,CNL
330961,chr0,manual_curation,gene,153770827,153772443,.,+,.,ID=GSCOCG00009147001;Name=Cc00_g24370,Cc00_g24370,CNL
96951,chr3,manual_curation,gene,5215659,5220765,.,+,.,ID=GSCOCG00026408001;Name=Cc03_g06190,Cc03_g06190,CNL
77093,chr2,manual_curation,gene,43744470,43748539,.,-,.,ID=GSCOCG00001239001;Name=Cc02_g32490,Cc02_g32490,CNL
312255,chr0,manual_curation,gene,68219386,68220591,.,-,.,ID=GSCOCG00006948001;Name=Cc00_g08120,Cc00_g08120,CNL
285466,chr11,manual_curation,gene,19727212,19729245,.,-,.,ID=GSCOCG00020422001;Name=Cc11_g04950,Cc11_g04950,CNL
71689,chr2,manual_curation,gene,27461781,27465704,.,-,.,ID=GSCOCG00009458001;Name=Cc02_g28660,Cc02_g28660,CNL
333624,chr0,manual_curation,gene,170551542,170554480,.,+,.,ID=GSCOCG00010306001;Name=Cc00_g27180,Cc00_g27180,CNL
287220,chr11,manual_curation,gene,22550602,22553272,.,-,.,ID=GSCOCG00020642001;Name=Cc11_g06320,Cc11_g06320,CNL
108313,chr3,manual_curation,gene,30954738,30958151,.,-,.,ID=GSCOCG00026822001;Name=Cc03_g15430,Cc03_g15430,CNL
284588,chr11,manual_curation,gene,16681387,16688695,.,-,.,ID=GSCOCG00034051001;Name=Cc11_g04150,Cc11_g04150,CNL
220833,chr8,manual_curation,gene,1640322,1643787,.,-,.,ID=GSCOCG00038359001;Name=Cc08_g01620,Cc08_g01620,CNL
221337,chr8,manual_curation,gene,2383575,2386766,.,+,.,ID=GSCOCG00037655001;Name=Cc08_g01980,Cc08_g01980,CNL
180047,chr6,manual_curation,gene,15462386,15465529,.,-,.,ID=GSCOCG00012645001;Name=Cc06_g17030,Cc06_g17030,CNL
139191,chr5,manual_curation,gene,18592311,18596750,.,+,.,ID=GSCOCG00031694001;Name=Cc05_g04560,Cc05_g04560,CNL
9939,chr1,manual_curation,gene,26238727,26241468,.,-,.,ID=GSCOCG00015478001;Name=Cc01_g07950,Cc01_g07950,CNL
284289,chr11,manual_curation,gene,15913088,15916405,.,-,.,ID=GSCOCG00033995001;Name=Cc11_g03860,Cc11_g03860,CNL
332670,chr0,manual_curation,gene,163344766,163347882,.,-,.,ID=GSCOCG00007011001;Name=Cc00_g26090,Cc00_g26090,CNL
338352,chr0,manual_curation,gene,191369091,191371971,.,+,.,ID=GSCOCG00006855001;Name=Cc00_g32520,Cc00_g32520,
678,chr1,manual_curation,gene,693156,696902,.,+,.,ID=GSCOCG00011020001;Name=Cc01_g00440,Cc01_g00440,CNL
312246,chr0,manual_curation,gene,68217698,68219143,.,-,.,ID=GSCOCG00006947001;Name=Cc00_g08110,Cc00_g08110,
339258,chr0,manual_curation,gene,195660265,195661380,.,-,.,ID=GSCOCG00001617001;Name=Cc00_g33600,Cc00_g33600,
271443,chr10,manual_curation,gene,14338116,14342291,.,-,.,ID=GSCOCG00019384001;Name=Cc10_g10660,Cc10_g10660,CNL
327810,chr0,manual_curation,gene,137072277,137075049,.,-,.,ID=GSCOCG00013683001;Name=Cc00_g21540,Cc00_g21540,CNL
3744,chr1,manual_curation,gene,7063845,7067114,.,-,.,ID=GSCOCG00033143001;Name=Cc01_g03250,Cc01_g03250,CNL
220828,chr8,manual_curation,gene,1632880,1636160,.,-,.,ID=GSCOCG00038360001;Name=Cc08_g01610,Cc08_g01610,CNL
221332,chr8,manual_curation,gene,2340647,2344487,.,+,.,ID=GSCOCG00037653001;Name=Cc08_g01970,Cc08_g01970,CNL
325571,chr0,manual_curation,gene,125013850,125020564,.,-,.,ID=GSCOCG00012742001;Name=Cc00_g19440,Cc00_g19440,CNL
2990,chr1,manual_curation,gene,4860236,4864217,.,-,.,ID=GSCOCG00009676001;Name=Cc01_g02600,Cc01_g02600,
139184,chr5,manual_curation,gene,18572528,18574516,.,+,.,ID=GSCOCG00031693001;Name=Cc05_g04550,Cc05_g04550,CNL
304505,chr0,manual_curation,gene,13096708,13100949,.,-,.,ID=GSCOCG00001836001;Name=Cc00_g02040,Cc00_g02040,CNL
309022,chr0,manual_curation,gene,44053046,44055244,.,-,.,ID=GSCOCG00011949001;Name=Cc00_g05650,Cc00_g05650,CNL
122628,chr4,manual_curation,gene,7043515,7046142,.,-,.,ID=GSCOCG00022727001;Name=Cc04_g08610,Cc04_g08610,CNL
334042,chr0,manual_curation,gene,173429049,173431256,.,+,.,ID=GSCOCG00000391001;Name=Cc00_g27600,Cc00_g27600,CNL
9934,chr1,manual_curation,gene,26212619,26216548,.,-,.,ID=GSCOCG00015475001;Name=Cc01_g07940,Cc01_g07940,CNL
334381,chr0,manual_curation,gene,175141253,175145094,.,-,.,ID=GSCOCG00009818001;Name=Cc00_g27960,Cc00_g27960,CNL
96937,chr3,manual_curation,gene,5141362,5145390,.,-,.,ID=GSCOCG00026396001;Name=Cc03_g06170,Cc03_g06170,CNL
665,chr1,manual_curation,gene,624484,628011,.,+,.,ID=GSCOCG00011017001;Name=Cc01_g00430,Cc01_g00430,CNL
224608,chr8,manual_curation,gene,8149474,8150868,.,+,.,ID=GSCOCG00042496001;Name=Cc08_g04780,Cc08_g04780,
102224,chr3,manual_curation,gene,13557807,13559346,.,+,.,ID=GSCOCG00031060001;Name=Cc03_g10430,Cc03_g10430,CNL
144213,chr5,manual_curation,gene,23636892,23640370,.,+,.,ID=GSCOCG00002673001;Name=Cc05_g09090,Cc05_g09090,
108285,chr3,manual_curation,gene,30936177,30941640,.,-,.,ID=GSCOCG00026820001;Name=Cc03_g15410,Cc03_g15410,
219251,chr8,manual_curation,gene,590319,593077,.,-,.,ID=GSCOCG00038505001;Name=Cc08_g00520,Cc08_g00520,CNL
337972,chr0,manual_curation,gene,189986077,189988560,.,+,.,ID=GSCOCG00008931001;Name=Cc00_g32070,Cc00_g32070,CNL
221633,chr8,manual_curation,gene,2751321,2755761,.,-,.,ID=GSCOCG00037688001;Name=Cc08_g02250,Cc08_g02250,CNL
328242,chr0,manual_curation,gene,138781233,138785603,.,+,.,ID=GSCOCG00012265001;Name=Cc00_g21890,Cc00_g21890,CNL
3733,chr1,manual_curation,gene,7030448,7034678,.,-,.,ID=GSCOCG00033146001;Name=Cc01_g03240,Cc01_g03240,CNL
220823,chr8,manual_curation,gene,1629285,1632172,.,-,.,ID=GSCOCG00038361001;Name=Cc08_g01600,Cc08_g01600,CNL
303240,chr0,manual_curation,gene,1365858,1369574,.,-,.,ID=GSCOCG00036168001;Name=Cc00_g00660,Cc00_g00660,CNL
291026,chr11,manual_curation,gene,26926823,26928669,.,+,.,ID=GSCOCG00032720001;Name=Cc11_g09470,Cc11_g09470,
304498,chr0,manual_curation,gene,13071309,13075165,.,-,.,ID=GSCOCG00001834001;Name=Cc00_g02030,Cc00_g02030,CNL
122623,chr4,manual_curation,gene,7026299,7028926,.,-,.,ID=GSCOCG00022725001;Name=Cc04_g08600,Cc04_g08600,CNL
223255,chr8,manual_curation,gene,4945930,4948667,.,+,.,ID=GSCOCG00034155001;Name=Cc08_g03690,Cc08_g03690,CNL
9927,chr1,manual_curation,gene,26195001,26199401,.,-,.,ID=GSCOCG00015473001;Name=Cc01_g07930,Cc01_g07930,CNL
310861,chr0,manual_curation,gene,56318525,56323053,.,-,.,ID=GSCOCG00000785001;Name=Cc00_g07010,Cc00_g07010,CNL
284267,chr11,manual_curation,gene,15760986,15765377,.,-,.,ID=GSCOCG00033992001;Name=Cc11_g03840,Cc11_g03840,CNL
338332,chr0,manual_curation,gene,191305242,191307395,.,+,.,ID=GSCOCG00005521001;Name=Cc00_g32500,Cc00_g32500,CNL
338626,chr0,manual_curation,gene,192797191,192799432,.,+,.,ID=GSCOCG00013701001;Name=Cc00_g32860,Cc00_g32860,CNL
107396,chr3,manual_curation,gene,29383100,29386908,.,-,.,ID=GSCOCG00026698001;Name=Cc03_g14680,Cc03_g14680,CNL
321560,chr0,manual_curation,gene,109698904,109706474,.,+,.,ID=GSCOCG00004657001;Name=Cc00_g15890,Cc00_g15890,CNL
650,chr1,manual_curation,gene,558593,564647,.,+,.,ID=GSCOCG00005542001;Name=Cc01_g00420,Cc01_g00420,CNL
102215,chr3,manual_curation,gene,13485739,13487464,.,+,.,ID=GSCOCG00031058001;Name=Cc03_g10420,Cc03_g10420,CNL
102787,chr3,manual_curation,gene,14252482,14255325,.,-,.,ID=GSCOCG00042004001;Name=Cc03_g10780,Cc03_g10780,CNL
316930,chr0,manual_curation,gene,93670814,93673918,.,-,.,ID=GSCOCG00000023001;Name=Cc00_g11990,Cc00_g11990,CNL
317773,chr0,manual_curation,gene,97352234,97354918,.,+,.,ID=GSCOCG00004006001;Name=Cc00_g12710,Cc00_g12710,
284566,chr11,manual_curation,gene,16660619,16661305,.,-,.,ID=GSCOCG00034046001;Name=Cc11_g04120,Cc11_g04120,
315978,chr0,manual_curation,gene,89337165,89340908,.,+,.,ID=GSCOCG00009795001;Name=Cc00_g11190,Cc00_g11190,CNL
221316,chr8,manual_curation,gene,2319817,2321663,.,+,.,ID=GSCOCG00037650001;Name=Cc08_g01950,Cc08_g01950,
291020,chr11,manual_curation,gene,26924526,26926651,.,+,.,ID=GSCOCG00032721001;Name=Cc11_g09460,Cc11_g09460,CNL
139162,chr5,manual_curation,gene,18450517,18454287,.,+,.,ID=GSCOCG00031688001;Name=Cc05_g04530,Cc05_g04530,CNL
9918,chr1,manual_curation,gene,26187988,26191195,.,-,.,ID=GSCOCG00015471001;Name=Cc01_g07920,Cc01_g07920,CNL
218345,chr7,manual_curation,gene,29813156,29818504,.,-,.,ID=GSCOCG00001444001;Name=Cc07_g21460,Cc07_g21460,CNL
327276,chr0,manual_curation,gene,134356442,134360308,.,+,.,ID=GSCOCG00001401001;Name=Cc00_g21080,Cc00_g21080,CNL
135044,chr5,manual_curation,gene,2000419,2003230,.,+,.,ID=GSCOCG00009664001;Name=Cc05_g00990,Cc05_g00990,CNL
339755,chr0,manual_curation,gene,198503331,198505796,.,-,.,ID=GSCOCG00009908001;Name=Cc00_g34220,Cc00_g34220,CNL
102206,chr3,manual_curation,gene,13470823,13473478,.,+,.,ID=GSCOCG00031057001;Name=Cc03_g10410,Cc03_g10410,CNL
144199,chr5,manual_curation,gene,23631034,23633297,.,+,.,ID=GSCOCG00002676001;Name=Cc05_g09070,Cc05_g09070,CNL
336461,chr0,manual_curation,gene,183819754,183822962,.,+,.,ID=GSCOCG00001961001;Name=Cc00_g30320,Cc00_g30320,CNL
239683,chr8,manual_curation,gene,30659720,30664027,.,+,.,ID=GSCOCG00035550001;Name=Cc08_g16020,Cc08_g16020,
221615,chr8,manual_curation,gene,2724802,2726754,.,-,.,ID=GSCOCG00037685001;Name=Cc08_g02230,Cc08_g02230,CNL
303904,chr0,manual_curation,gene,8162342,8165692,.,-,.,ID=GSCOCG00010914001;Name=Cc00_g01290,Cc00_g01290,CNL
337369,chr0,manual_curation,gene,187753338,187756575,.,-,.,ID=GSCOCG00013472001;Name=Cc00_g31400,Cc00_g31400,CNL
315973,chr0,manual_curation,gene,89297969,89301316,.,-,.,ID=GSCOCG00005335001;Name=Cc00_g11180,Cc00_g11180,CNL
221305,chr8,manual_curation,gene,2294729,2299583,.,+,.,ID=GSCOCG00037649001;Name=Cc08_g01940,Cc08_g01940,CNL
339163,chr0,manual_curation,gene,195430653,195432856,.,+,.,ID=GSCOCG00006252001;Name=Cc00_g33490,Cc00_g33490,CNL
139153,chr5,manual_curation,gene,18357870,18360002,.,+,.,ID=GSCOCG00031684001;Name=Cc05_g04520,Cc05_g04520,CNL
223241,chr8,manual_curation,gene,4848595,4938993,.,+,.,ID=GSCOCG00034153001;Name=Cc08_g03670,Cc08_g03670,CNL
135328,chr5,manual_curation,gene,2799757,2802850,.,+,.,ID=GSCOCG00000941001;Name=Cc05_g01270,Cc05_g01270,CNL
96911,chr3,manual_curation,gene,5120818,5126453,.,+,.,ID=GSCOCG00026392001;Name=Cc03_g06140,Cc03_g06140,CNL
338616,chr0,manual_curation,gene,192723228,192725519,.,+,.,ID=GSCOCG00000978001;Name=Cc00_g32840,Cc00_g32840,CNL
107384,chr3,manual_curation,gene,29342837,29345615,.,+,.,ID=GSCOCG00026694001;Name=Cc03_g14660,Cc03_g14660,CNL
135035,chr5,manual_curation,gene,1940247,1942103,.,+,.,ID=GSCOCG00009661001;Name=Cc05_g00980,Cc05_g00980,
217577,chr7,manual_curation,gene,25036652,25039285,.,-,.,ID=GSCOCG00027279001;Name=Cc07_g20800,Cc07_g20800,CNL
249547,chr9,manual_curation,gene,5998782,6002796,.,+,.,ID=GSCOCG00033432001;Name=Cc09_g05670,Cc09_g05670,
96560,chr3,manual_curation,gene,4889786,4896018,.,+,.,ID=GSCOCG00026356001;Name=Cc03_g05850,Cc03_g05850,CNL
272062,chr10,manual_curation,gene,17790341,17796252,.,-,.,ID=GSCOCG00018481001;Name=Cc10_g11270,Cc10_g11270,CNL
332350,chr0,manual_curation,gene,161578166,161581273,.,+,.,ID=GSCOCG00008867001;Name=Cc00_g25760,Cc00_g25760,CNL
2877,chr1,manual_curation,gene,4645038,4648202,.,-,.,ID=GSCOCG00009697001;Name=Cc01_g02490,Cc01_g02490,CNL
314766,chr0,manual_curation,gene,84715359,84718639,.,-,.,ID=GSCOCG00001151001;Name=Cc00_g10090,Cc00_g10090,CNL
2143,chr1,manual_curation,gene,3293474,3296240,.,+,.,ID=GSCOCG00019254001;Name=Cc01_g01840,Cc01_g01840,CNL
104025,chr3,manual_curation,gene,17452580,17456448,.,-,.,ID=GSCOCG00043214001;Name=Cc03_g11840,Cc03_g11840,CNL
212700,chr7,manual_curation,gene,13961529,13964325,.,-,.,ID=GSCOCG00037503001;Name=Cc07_g16890,Cc07_g16890,CNL
291004,chr11,manual_curation,gene,26888546,26892672,.,+,.,ID=GSCOCG00032725001;Name=Cc11_g09440,Cc11_g09440,CNL
325887,chr0,manual_curation,gene,126868962,126872886,.,-,.,ID=GSCOCG00008869001;Name=Cc00_g19760,Cc00_g19760,CNL
287105,chr11,manual_curation,gene,22337936,22341211,.,+,.,ID=GSCOCG00020620001;Name=Cc11_g06190,Cc11_g06190,CNL
139147,chr5,manual_curation,gene,18329879,18334181,.,+,.,ID=GSCOCG00031682001;Name=Cc05_g04510,Cc05_g04510,CNL
78059,chr2,manual_curation,gene,45295414,45298237,.,+,.,ID=GSCOCG00016750001;Name=Cc02_g33080,Cc02_g33080,CNL
335848,chr0,manual_curation,gene,181347741,181349348,.,-,.,ID=GSCOCG00004721001;Name=Cc00_g29650,Cc00_g29650,CNL
107378,chr3,manual_curation,gene,29329643,29334974,.,+,.,ID=GSCOCG00026692001;Name=Cc03_g14650,Cc03_g14650,CNL
292206,chr11,manual_curation,gene,27823087,27827863,.,+,.,ID=GSCOCG00032577001;Name=Cc11_g10450,Cc11_g10450,CNL
326531,chr0,manual_curation,gene,130142746,130147160,.,-,.,ID=GSCOCG00006771001;Name=Cc00_g20410,Cc00_g20410,CNL
332339,chr0,manual_curation,gene,161506435,161509596,.,+,.,ID=GSCOCG00013351001;Name=Cc00_g25750,Cc00_g25750,CNL
71629,chr2,manual_curation,gene,27273667,27277716,.,-,.,ID=GSCOCG00009447001;Name=Cc02_g28600,Cc02_g28600,CNL
333584,chr0,manual_curation,gene,169907666,169911461,.,+,.,ID=GSCOCG00006099001;Name=Cc00_g27120,Cc00_g27120,CNL
314753,chr0,manual_curation,gene,84662897,84666295,.,+,.,ID=GSCOCG00003819001;Name=Cc00_g10080,Cc00_g10080,CNL
221596,chr8,manual_curation,gene,2696833,2704568,.,-,.,ID=GSCOCG00037683001;Name=Cc08_g02210,Cc08_g02210,CNL
3699,chr1,manual_curation,gene,6993885,6994677,.,-,.,ID=GSCOCG00033151001;Name=Cc01_g03200,Cc01_g03200,CNL
329735,chr0,manual_curation,gene,147197400,147202218,.,+,.,ID=GSCOCG00011145001;Name=Cc00_g23220,Cc00_g23220,TNL
334611,chr0,manual_curation,gene,176482518,176484178,.,+,.,ID=GSCOCG00005956001;Name=Cc00_g28200,Cc00_g28200,CNL
221273,chr8,manual_curation,gene,2261075,2263834,.,+,.,ID=GSCOCG00037646001;Name=Cc08_g01920,Cc08_g01920,CNL
290997,chr11,manual_curation,gene,26876796,26879817,.,+,.,ID=GSCOCG00032726001;Name=Cc11_g09430,Cc11_g09430,CNL
325878,chr0,manual_curation,gene,126834445,126838263,.,-,.,ID=GSCOCG00011285001;Name=Cc00_g19750,Cc00_g19750,CNL
3339,chr1,manual_curation,gene,5556045,5559451,.,-,.,ID=GSCOCG00013230001;Name=Cc01_g02910,Cc01_g02910,CNL
82624,chr2,manual_curation,gene,50803376,50805322,.,-,.,ID=GSCOCG00006348001;Name=Cc02_g36320,Cc02_g36320,CNL
284221,chr11,manual_curation,gene,15697094,15700960,.,-,.,ID=GSCOCG00033981001;Name=Cc11_g03800,Cc11_g03800,CNL
335841,chr0,manual_curation,gene,181282461,181283961,.,+,.,ID=GSCOCG00001111001;Name=Cc00_g29640,Cc00_g29640,CNL
135017,chr5,manual_curation,gene,1867320,1870310,.,+,.,ID=GSCOCG00009655001;Name=Cc05_g00960,Cc05_g00960,CNL
52534,chr2,manual_curation,gene,13792449,13798815,.,+,.,ID=GSCOCG00013992001;Name=Cc02_g15450,Cc02_g15450,
292195,chr11,manual_curation,gene,27814452,27818555,.,+,.,ID=GSCOCG00032579001;Name=Cc11_g10440,Cc11_g10440,CNL
96521,chr3,manual_curation,gene,4878515,4881529,.,-,.,ID=GSCOCG00026353001;Name=Cc03_g05830,Cc03_g05830,CNL
272048,chr10,manual_curation,gene,17723478,17725517,.,+,.,ID=GSCOCG00018474001;Name=Cc10_g11250,Cc10_g11250,CNL
98338,chr3,manual_curation,gene,6448962,6453263,.,-,.,ID=GSCOCG00026562001;Name=Cc03_g07200,Cc03_g07200,CNL
336734,chr0,manual_curation,gene,184889933,184894086,.,+,.,ID=GSCOCG00009518001;Name=Cc00_g30650,Cc00_g30650,CNL
2127,chr1,manual_curation,gene,3191085,3194101,.,+,.,ID=GSCOCG00019250001;Name=Cc01_g01820,Cc01_g01820,CNL
329720,chr0,manual_curation,gene,147171145,147174615,.,+,.,ID=GSCOCG00005491001;Name=Cc00_g23210,Cc00_g23210,CNL
104001,chr3,manual_curation,gene,17387369,17396448,.,-,.,ID=GSCOCG00043211001;Name=Cc03_g11820,Cc03_g11820,CNL
6310,chr1,manual_curation,gene,19945258,19948638,.,-,.,ID=GSCOCG00011448001;Name=Cc01_g05280,Cc01_g05280,CNL
290992,chr11,manual_curation,gene,26869029,26872394,.,+,.,ID=GSCOCG00032727001;Name=Cc11_g09420,Cc11_g09420,CNL
82615,chr2,manual_curation,gene,50792342,50794385,.,+,.,ID=GSCOCG00006345001;Name=Cc02_g36310,Cc02_g36310,CNL
135305,chr5,manual_curation,gene,2726614,2728323,.,-,.,ID=GSCOCG00000936001;Name=Cc05_g01240,Cc05_g01240,CNL
141211,chr5,manual_curation,gene,21353709,21356673,.,-,.,ID=GSCOCG00042155001;Name=Cc05_g06580,Cc05_g06580,CNL
129524,chr4,manual_curation,gene,19382130,19384387,.,-,.,ID=GSCOCG00035890001;Name=Cc04_g13820,Cc04_g13820,CNL
286245,chr11,manual_curation,gene,20925672,20933041,.,-,.,ID=GSCOCG00020510001;Name=Cc11_g05520,Cc11_g05520,
107361,chr3,manual_curation,gene,29107029,29110403,.,-,.,ID=GSCOCG00026688001;Name=Cc03_g14630,Cc03_g14630,CNL
323487,chr0,manual_curation,gene,116648975,116651881,.,-,.,ID=GSCOCG00008473001;Name=Cc00_g17570,Cc00_g17570,CNL
318951,chr0,manual_curation,gene,101683230,101686826,.,+,.,ID=GSCOCG00009260001;Name=Cc00_g13670,Cc00_g13670,CNL
335468,chr0,manual_curation,gene,180100965,180103442,.,+,.,ID=GSCOCG00006226001;Name=Cc00_g29190,Cc00_g29190,CNL
324642,chr0,manual_curation,gene,120801610,120805338,.,+,.,ID=GSCOCG00013353001;Name=Cc00_g18650,Cc00_g18650,CNL
328182,chr0,manual_curation,gene,138585790,138588278,.,-,.,ID=GSCOCG00012601001;Name=Cc00_g21830,Cc00_g21830,CNL
6297,chr1,manual_curation,gene,19914919,19918453,.,-,.,ID=GSCOCG00011450001;Name=Cc01_g05270,Cc01_g05270,CNL
221257,chr8,manual_curation,gene,2234468,2236909,.,+,.,ID=GSCOCG00037643001;Name=Cc08_g01900,Cc08_g01900,CNL
315949,chr0,manual_curation,gene,89014270,89018317,.,-,.,ID=GSCOCG00009400001;Name=Cc00_g11140,Cc00_g11140,CNL
95112,chr3,manual_curation,gene,3795945,3799793,.,-,.,ID=GSCOCG00026201001;Name=Cc03_g04730,Cc03_g04730,CNL
5997,chr1,manual_curation,gene,17964577,17965314,.,+,.,ID=GSCOCG00028575001;Name=Cc01_g04980,Cc01_g04980,CNL
280415,chr11,manual_curation,gene,2866016,2871374,.,-,.,ID=GSCOCG00019682001;Name=Cc11_g00890,Cc11_g00890,CNL
321496,chr0,manual_curation,gene,109396686,109401035,.,-,.,ID=GSCOCG00011228001;Name=Cc00_g15830,Cc00_g15830,CNL
107356,chr3,manual_curation,gene,29090774,29095869,.,-,.,ID=GSCOCG00026686001;Name=Cc03_g14620,Cc03_g14620,CNL
292175,chr11,manual_curation,gene,27800852,27803818,.,+,.,ID=GSCOCG00032581001;Name=Cc11_g10420,Cc11_g10420,CNL
272020,chr10,manual_curation,gene,17367481,17372566,.,-,.,ID=GSCOCG00018469001;Name=Cc10_g11230,Cc10_g11230,CNL
325404,chr0,manual_curation,gene,124462887,124466283,.,+,.,ID=GSCOCG00001523001;Name=Cc00_g19290,Cc00_g19290,CNL
281960,chr11,manual_curation,gene,6014491,6019743,.,+,.,ID=GSCOCG00033046001;Name=Cc11_g01970,Cc11_g01970,CNL
318944,chr0,manual_curation,gene,101681948,101683159,.,+,.,ID=GSCOCG00009259001;Name=Cc00_g13660,Cc00_g13660,CNL
2103,chr1,manual_curation,gene,3125375,3130402,.,-,.,ID=GSCOCG00037845001;Name=Cc01_g01800,Cc01_g01800,CNL
338227,chr0,manual_curation,gene,190741865,190743652,.,-,.,ID=GSCOCG00013763001;Name=Cc00_g32360,Cc00_g32360,
333294,chr0,manual_curation,gene,168496780,168500969,.,+,.,ID=GSCOCG00009925001;Name=Cc00_g26800,Cc00_g26800,CNL
314436,chr0,manual_curation,gene,83777268,83780141,.,-,.,ID=GSCOCG00002173001;Name=Cc00_g09830,Cc00_g09830,CNL
330076,chr0,manual_curation,gene,149203640,149206547,.,+,.,ID=GSCOCG00010007001;Name=Cc00_g23550,Cc00_g23550,CNL
103977,chr3,manual_curation,gene,17291136,17297152,.,-,.,ID=GSCOCG00043206001;Name=Cc03_g11800,Cc03_g11800,CNL
315944,chr0,manual_curation,gene,88967394,88970540,.,-,.,ID=GSCOCG00009397001;Name=Cc00_g11130,Cc00_g11130,CNL
290980,chr11,manual_curation,gene,26836657,26838009,.,+,.,ID=GSCOCG00032733001;Name=Cc11_g09400,Cc11_g09400,CNL
102091,chr3,manual_curation,gene,13025964,13029127,.,+,.,ID=GSCOCG00031038001;Name=Cc03_g10280,Cc03_g10280,CNL
339124,chr0,manual_curation,gene,195154000,195154789,.,+,.,ID=GSCOCG00013513001;Name=Cc00_g33440,Cc00_g33440,
155677,chr6,manual_curation,gene,188251,190959,.,+,.,ID=GSCOCG00023198001;Name=Cc06_g00260,Cc06_g00260,
186683,chr6,manual_curation,gene,33731223,33733976,.,+,.,ID=GSCOCG00017166001;Name=Cc06_g22210,Cc06_g22210,CNL
107343,chr3,manual_curation,gene,29079651,29085971,.,-,.,ID=GSCOCG00026684001;Name=Cc03_g14610,Cc03_g14610,CNL
10113,chr1,manual_curation,gene,26338550,26343685,.,+,.,ID=GSCOCG00015494001;Name=Cc01_g08070,Cc01_g08070,CNL
337266,chr0,manual_curation,gene,187361101,187361802,.,-,.,ID=GSCOCG00008513001;Name=Cc00_g31270,Cc00_g31270,CNL
308825,chr0,manual_curation,gene,42304076,42307369,.,+,.,ID=GSCOCG00000308001;Name=Cc00_g05490,Cc00_g05490,CNL
316857,chr0,manual_curation,gene,93307604,93310975,.,-,.,ID=GSCOCG00010584001;Name=Cc00_g11920,Cc00_g11920,CNL
314722,chr0,manual_curation,gene,84601393,84604045,.,+,.,ID=GSCOCG00003812001;Name=Cc00_g10040,Cc00_g10040,
318935,chr0,manual_curation,gene,101661096,101663562,.,+,.,ID=GSCOCG00009256001;Name=Cc00_g13650,Cc00_g13650,CNL
314431,chr0,manual_curation,gene,83707045,83709909,.,-,.,ID=GSCOCG00002169001;Name=Cc00_g09820,Cc00_g09820,CNL
280715,chr11,manual_curation,gene,4392187,4395093,.,-,.,ID=GSCOCG00019618001;Name=Cc11_g01160,Cc11_g01160,CNL
336321,chr0,manual_curation,gene,183406217,183409063,.,+,.,ID=GSCOCG00006926001;Name=Cc00_g30180,Cc00_g30180,CNL
223187,chr8,manual_curation,gene,4806457,4809243,.,+,.,ID=GSCOCG00034146001;Name=Cc08_g03610,Cc08_g03610,CNL
95080,chr3,manual_curation,gene,3781731,3785215,.,-,.,ID=GSCOCG00026199001;Name=Cc03_g04710,Cc03_g04710,CNL
141186,chr5,manual_curation,gene,21340041,21343475,.,-,.,ID=GSCOCG00042150001;Name=Cc05_g06550,Cc05_g06550,CNL
327207,chr0,manual_curation,gene,133933008,133936099,.,+,.,ID=GSCOCG00003276001;Name=Cc00_g21010,Cc00_g21010,CNL
331600,chr0,manual_curation,gene,156558503,156559243,.,+,.,ID=GSCOCG00002205001;Name=Cc00_g24980,Cc00_g24980,CNL
265600,chr10,manual_curation,gene,5135719,5137705,.,+,.,ID=GSCOCG00034679001;Name=Cc10_g06300,Cc10_g06300,CNL
134981,chr5,manual_curation,gene,1722237,1767147,.,-,.,ID=GSCOCG00013189001;Name=Cc05_g00920,Cc05_g00920,CNL
317612,chr0,manual_curation,gene,96365403,96371504,.,+,.,ID=GSCOCG00002076001;Name=Cc00_g12560,Cc00_g12560,CNL
272465,chr10,manual_curation,gene,19285259,19288241,.,+,.,ID=GSCOCG00001425001;Name=Cc10_g11570,Cc10_g11570,
281944,chr11,manual_curation,gene,5966314,5969892,.,+,.,ID=GSCOCG00033048001;Name=Cc11_g01950,Cc11_g01950,CNL
126761,chr4,manual_curation,gene,12308094,12311076,.,+,.,ID=GSCOCG00037361001;Name=Cc04_g11620,Cc04_g11620,CNL
127134,chr4,manual_curation,gene,12714762,12717265,.,+,.,ID=GSCOCG00037414001;Name=Cc04_g11980,Cc04_g11980,CNL
314715,chr0,manual_curation,gene,84588556,84591805,.,+,.,ID=GSCOCG00010581001;Name=Cc00_g10030,Cc00_g10030,CNL
105207,chr3,manual_curation,gene,22674660,22678538,.,+,.,ID=GSCOCG00015155001;Name=Cc03_g12790,Cc03_g12790,CNL
178950,chr6,manual_curation,gene,14235144,14241543,.,-,.,ID=GSCOCG00030724001;Name=Cc06_g16200,Cc06_g16200,CNL
223945,chr8,manual_curation,gene,6049337,6050935,.,-,.,ID=GSCOCG00034242001;Name=Cc08_g04250,Cc08_g04250,CNL
6272,chr1,manual_curation,gene,19871169,19874690,.,-,.,ID=GSCOCG00011454001;Name=Cc01_g05240,Cc01_g05240,CNL
106454,chr3,manual_curation,gene,27402325,27405352,.,+,.,ID=GSCOCG00031756001;Name=Cc03_g13870,Cc03_g13870,CNL
287458,chr11,manual_curation,gene,22909417,22911947,.,+,.,ID=GSCOCG00020665001;Name=Cc11_g06490,Cc11_g06490,
332923,chr0,manual_curation,gene,165431993,165436565,.,+,.,ID=GSCOCG00011974001;Name=Cc00_g26340,Cc00_g26340,CNL
134972,chr5,manual_curation,gene,1674987,1677806,.,-,.,ID=GSCOCG00013188001;Name=Cc05_g00910,Cc05_g00910,CNL
10091,chr1,manual_curation,gene,26322822,26325546,.,+,.,ID=GSCOCG00015492001;Name=Cc01_g08050,Cc01_g08050,CNL
337248,chr0,manual_curation,gene,187283006,187285353,.,+,.,ID=GSCOCG00005363001;Name=Cc00_g31250,Cc00_g31250,CNL
220489,chr8,manual_curation,gene,1354208,1356415,.,-,.,ID=GSCOCG00038390001;Name=Cc08_g01430,Cc08_g01430,CNL
82519,chr2,manual_curation,gene,50295625,50299412,.,-,.,ID=GSCOCG00006324001;Name=Cc02_g36190,Cc02_g36190,CNL
308813,chr0,manual_curation,gene,42244711,42248803,.,+,.,ID=GSCOCG00000306001;Name=Cc00_g05470,Cc00_g05470,CNL
287918,chr11,manual_curation,gene,23411540,23416296,.,-,.,ID=GSCOCG00020727001;Name=Cc11_g06920,Cc11_g06920,CNL
127129,chr4,manual_curation,gene,12697375,12699900,.,-,.,ID=GSCOCG00037412001;Name=Cc04_g11970,Cc04_g11970,CNL
315066,chr0,manual_curation,gene,86580872,86583797,.,+,.,ID=GSCOCG00011274001;Name=Cc00_g10380,Cc00_g10380,CNL
223940,chr8,manual_curation,gene,6047796,6048368,.,-,.,ID=GSCOCG00034240001;Name=Cc08_g04240,Cc08_g04240,
6259,chr1,manual_curation,gene,19809469,19813125,.,-,.,ID=GSCOCG00011456001;Name=Cc01_g05230,Cc01_g05230,CNL
312463,chr0,manual_curation,gene,68853154,68855591,.,-,.,ID=GSCOCG00003342001;Name=Cc00_g08280,Cc00_g08280,CNL
287044,chr11,manual_curation,gene,22214703,22217446,.,+,.,ID=GSCOCG00020605001;Name=Cc11_g06120,Cc11_g06120,CNL
77955,chr2,manual_curation,gene,44967349,44970994,.,+,.,ID=GSCOCG00016739001;Name=Cc02_g33010,Cc02_g33010,CNL
141170,chr5,manual_curation,gene,21327820,21330276,.,-,.,ID=GSCOCG00042144001;Name=Cc05_g06530,Cc05_g06530,CNL
186990,chr6,manual_curation,gene,34559919,34562597,.,+,.,ID=GSCOCG00012882001;Name=Cc06_g22540,Cc06_g22540,CNL
331580,chr0,manual_curation,gene,156474887,156478594,.,-,.,ID=GSCOCG00003358001;Name=Cc00_g24960,Cc00_g24960,CNL
282690,chr11,manual_curation,gene,9671571,9679534,.,-,.,ID=GSCOCG00025570001;Name=Cc11_g02580,Cc11_g02580,
103881,chr3,manual_curation,gene,16939431,16940630,.,-,.,ID=GSCOCG00043188001;Name=Cc03_g11690,Cc03_g11690,CNL
288704,chr11,manual_curation,gene,24364427,24368323,.,+,.,ID=GSCOCG00018040001;Name=Cc11_g07560,Cc11_g07560,CNL
323436,chr0,manual_curation,gene,116442306,116445974,.,-,.,ID=GSCOCG00000104001;Name=Cc00_g17520,Cc00_g17520,CNL
287911,chr11,manual_curation,gene,23379883,23387821,.,-,.,ID=GSCOCG00020724001;Name=Cc11_g06910,Cc11_g06910,CNL
286088,chr11,manual_curation,gene,20728371,20731275,.,-,.,ID=GSCOCG00020490001;Name=Cc11_g05390,Cc11_g05390,CNL
223931,chr8,manual_curation,gene,6018333,6021360,.,-,.,ID=GSCOCG00034238001;Name=Cc08_g04230,Cc08_g04230,CNL
330331,chr0,manual_curation,gene,151232833,151234134,.,-,.,ID=GSCOCG00003846001;Name=Cc00_g23870,Cc00_g23870,CNL
6246,chr1,manual_curation,gene,19737175,19740882,.,-,.,ID=GSCOCG00011461001;Name=Cc01_g05220,Cc01_g05220,CNL
287440,chr11,manual_curation,gene,22887748,22902612,.,+,.,ID=GSCOCG00020663001;Name=Cc11_g06470,Cc11_g06470,
77950,chr2,manual_curation,gene,44840904,44845320,.,+,.,ID=GSCOCG00016736001;Name=Cc02_g33000,Cc02_g33000,CNL
248467,chr9,manual_curation,gene,4357756,4360494,.,+,.,ID=GSCOCG00007053001;Name=Cc09_g04860,Cc09_g04860,CNL
315555,chr0,manual_curation,gene,87914925,87917564,.,-,.,ID=GSCOCG00000621001;Name=Cc00_g10800,Cc00_g10800,CNL
116140,chr4,manual_curation,gene,3071006,3072930,.,+,.,ID=GSCOCG00022126001;Name=Cc04_g04080,Cc04_g04080,TNL
231521,chr8,manual_curation,gene,25077450,25083990,.,+,.,ID=GSCOCG00026985001;Name=Cc08_g10220,Cc08_g10220,
73353,chr2,manual_curation,gene,33202256,33213750,.,+,.,ID=GSCOCG00038914001;Name=Cc02_g29890,Cc02_g29890,CNL
103866,chr3,manual_curation,gene,16936780,16939211,.,-,.,ID=GSCOCG00043187001;Name=Cc03_g11680,Cc03_g11680,
222586,chr8,manual_curation,gene,3942878,3946117,.,+,.,ID=GSCOCG00037825001;Name=Cc08_g03140,Cc08_g03140,
334191,chr0,manual_curation,gene,174178645,174181521,.,-,.,ID=GSCOCG00000801001;Name=Cc00_g27760,Cc00_g27760,CNL
140749,chr5,manual_curation,gene,20779538,20782638,.,+,.,ID=GSCOCG00009858001;Name=Cc05_g06080,Cc05_g06080,CNL
233089,chr8,manual_curation,gene,26068567,26071596,.,-,.,ID=GSCOCG00027129001;Name=Cc08_g11300,Cc08_g11300,
105177,chr3,manual_curation,gene,22628644,22631915,.,+,.,ID=GSCOCG00015158001;Name=Cc03_g12760,Cc03_g12760,CNL
286077,chr11,manual_curation,gene,20724105,20726886,.,+,.,ID=GSCOCG00020489001;Name=Cc11_g05380,Cc11_g05380,CNL
223926,chr8,manual_curation,gene,5981743,5984757,.,-,.,ID=GSCOCG00034235001;Name=Cc08_g04220,Cc08_g04220,CNL
824,chr1,manual_curation,gene,966267,968243,.,+,.,ID=GSCOCG00011041001;Name=Cc01_g00590,Cc01_g00590,CNL
330326,chr0,manual_curation,gene,151231031,151232769,.,-,.,ID=GSCOCG00003845001;Name=Cc00_g23860,Cc00_g23860,
262312,chr10,manual_curation,gene,2851315,2854799,.,-,.,ID=GSCOCG00024919001;Name=Cc10_g03810,Cc10_g03810,CNL
312441,chr0,manual_curation,gene,68732001,68733808,.,-,.,ID=GSCOCG00003339001;Name=Cc00_g08260,Cc00_g08260,CNL
332213,chr0,manual_curation,gene,159997334,160000570,.,-,.,ID=GSCOCG00000629001;Name=Cc00_g25590,Cc00_g25590,
318342,chr0,manual_curation,gene,98990888,98994942,.,-,.,ID=GSCOCG00011733001;Name=Cc00_g13170,Cc00_g13170,CNL
305905,chr0,manual_curation,gene,21255328,21257643,.,-,.,ID=GSCOCG00004323001;Name=Cc00_g02990,Cc00_g02990,CNL
340809,chr0,manual_curation,gene,203694182,203695378,.,+,.,ID=GSCOCG00002185001;Name=Cc00_g35480,Cc00_g35480,CNL
225670,chr8,manual_curation,gene,10399742,10403179,.,-,.,ID=GSCOCG00024352001;Name=Cc08_g05660,Cc08_g05660,CNL
1987,chr1,manual_curation,gene,2667789,2674198,.,+,.,ID=GSCOCG00037865001;Name=Cc01_g01670,Cc01_g01670,CNL
333199,chr0,manual_curation,gene,168021955,168026033,.,-,.,ID=GSCOCG00002359001;Name=Cc00_g26670,Cc00_g26670,CNL
313872,chr0,manual_curation,gene,80386369,80386719,.,+,.,ID=GSCOCG00008208001;Name=Cc00_g09340,Cc00_g09340,CNL
231498,chr8,manual_curation,gene,25061187,25067408,.,+,.,ID=GSCOCG00026982001;Name=Cc08_g10210,Cc08_g10210,
317585,chr0,manual_curation,gene,96163288,96166437,.,-,.,ID=GSCOCG00012811001;Name=Cc00_g12520,Cc00_g12520,CNL
73344,chr2,manual_curation,gene,32915785,32917891,.,+,.,ID=GSCOCG00038900001;Name=Cc02_g29880,Cc02_g29880,
337227,chr0,manual_curation,gene,187227643,187229181,.,+,.,ID=GSCOCG00009029001;Name=Cc00_g31220,Cc00_g31220,CNL
328843,chr0,manual_curation,gene,141746244,141747893,.,-,.,ID=GSCOCG00008114001;Name=Cc00_g22410,Cc00_g22410,CNL
218129,chr7,manual_curation,gene,27375694,27379356,.,-,.,ID=GSCOCG00011165001;Name=Cc07_g21270,Cc07_g21270,CNL
334180,chr0,manual_curation,gene,174156491,174159511,.,+,.,ID=GSCOCG00006081001;Name=Cc00_g27750,Cc00_g27750,CNL
101306,chr3,manual_curation,gene,11844720,11848137,.,-,.,ID=GSCOCG00030940001;Name=Cc03_g09570,Cc03_g09570,CNL
335402,chr0,manual_curation,gene,179832602,179833918,.,+,.,ID=GSCOCG00003530001;Name=Cc00_g29120,Cc00_g29120,CNL
325035,chr0,manual_curation,gene,122702895,122706191,.,+,.,ID=GSCOCG00008227001;Name=Cc00_g18940,Cc00_g18940,CNL
290385,chr11,manual_curation,gene,26358943,26362348,.,-,.,ID=GSCOCG00032803001;Name=Cc11_g08980,Cc11_g08980,CNL
286066,chr11,manual_curation,gene,20706673,20709403,.,+,.,ID=GSCOCG00020487001;Name=Cc11_g05370,Cc11_g05370,CNL
338478,chr0,manual_curation,gene,191869655,191870713,.,+,.,ID=GSCOCG00008477001;Name=Cc00_g32660,Cc00_g32660,CNL
217362,chr7,manual_curation,gene,24157732,24160266,.,+,.,ID=GSCOCG00007211001;Name=Cc07_g20620,Cc07_g20620,CNL
224365,chr8,manual_curation,gene,7364067,7366958,.,+,.,ID=GSCOCG00015651001;Name=Cc08_g04570,Cc08_g04570,CNL
187756,chr6,manual_curation,gene,36108507,36111874,.,-,.,ID=GSCOCG00040611001;Name=Cc06_g23160,Cc06_g23160,CNL
312434,chr0,manual_curation,gene,68722482,68724758,.,-,.,ID=GSCOCG00003337001;Name=Cc00_g08250,Cc00_g08250,CNL
130708,chr4,manual_curation,gene,22501740,22504826,.,+,.,ID=GSCOCG00040737001;Name=Cc04_g14750,Cc04_g14750,CNL
340800,chr0,manual_curation,gene,203660393,203661801,.,-,.,ID=GSCOCG00008617001;Name=Cc00_g35470,Cc00_g35470,TNL
221391,chr8,manual_curation,gene,2530591,2533838,.,+,.,ID=GSCOCG00037665001;Name=Cc08_g02040,Cc08_g02040,CNL
329529,chr0,manual_curation,gene,146211572,146216818,.,+,.,ID=GSCOCG00008619001;Name=Cc00_g23050,Cc00_g23050,CNL
73339,chr2,manual_curation,gene,32903963,32906341,.,+,.,ID=GSCOCG00038899001;Name=Cc02_g29870,Cc02_g29870,CNL
308783,chr0,manual_curation,gene,42059460,42063146,.,-,.,ID=GSCOCG00000301001;Name=Cc00_g05430,Cc00_g05430,CNL
139399,chr5,manual_curation,gene,18772370,18774487,.,-,.,ID=GSCOCG00003013001;Name=Cc05_g04690,Cc05_g04690,CNL
329216,chr0,manual_curation,gene,144291035,144292978,.,+,.,ID=GSCOCG00008471001;Name=Cc00_g22760,Cc00_g22760,
100876,chr3,manual_curation,gene,10578639,10582615,.,-,.,ID=GSCOCG00042702001;Name=Cc03_g09200,Cc03_g09200,CNL
284441,chr11,manual_curation,gene,16250139,16252844,.,-,.,ID=GSCOCG00034015001;Name=Cc11_g03990,Cc11_g03990,CNL
335698,chr0,manual_curation,gene,180862417,180865032,.,-,.,ID=GSCOCG00005798001;Name=Cc00_g29470,Cc00_g29470,CNL
290380,chr11,manual_curation,gene,26352194,26355446,.,-,.,ID=GSCOCG00032804001;Name=Cc11_g08970,Cc11_g08970,CNL
320931,chr0,manual_curation,gene,106999435,107003242,.,-,.,ID=GSCOCG00009839001;Name=Cc00_g15320,Cc00_g15320,CNL
321330,chr0,manual_curation,gene,108638366,108641761,.,-,.,ID=GSCOCG00011279001;Name=Cc00_g15680,Cc00_g15680,CNL
297044,chr11,manual_curation,gene,30639184,30646795,.,+,.,ID=GSCOCG00032128001;Name=Cc11_g13880,Cc11_g13880,TNL
808,chr1,manual_curation,gene,836237,839958,.,+,.,ID=GSCOCG00011037001;Name=Cc01_g00570,Cc01_g00570,CNL
312427,chr0,manual_curation,gene,68715522,68718256,.,-,.,ID=GSCOCG00003335001;Name=Cc00_g08240,Cc00_g08240,CNL
322515,chr0,manual_curation,gene,113753545,113758499,.,+,.,ID=GSCOCG00010421001;Name=Cc00_g16760,Cc00_g16760,CNL
336597,chr0,manual_curation,gene,184248807,184252235,.,-,.,ID=GSCOCG00003185001;Name=Cc00_g30480,Cc00_g30480,CNL
318316,chr0,manual_curation,gene,98941092,98945072,.,+,.,ID=GSCOCG00011730001;Name=Cc00_g13150,Cc00_g13150,CNL
221380,chr8,manual_curation,gene,2437664,2440546,.,+,.,ID=GSCOCG00037662001;Name=Cc08_g02030,Cc08_g02030,CNL
183619,chr6,manual_curation,gene,21565354,21567647,.,+,.,ID=GSCOCG00029037001;Name=Cc06_g19680,Cc06_g19680,CNL
3475,chr1,manual_curation,gene,6161308,6163902,.,-,.,ID=GSCOCG00019054001;Name=Cc01_g03020,Cc01_g03020,CNL
313862,chr0,manual_curation,gene,80313499,80315859,.,+,.,ID=GSCOCG00008203001;Name=Cc00_g09320,Cc00_g09320,CNL
329510,chr0,manual_curation,gene,146097521,146107633,.,-,.,ID=GSCOCG00012932001;Name=Cc00_g23040,Cc00_g23040,
308778,chr0,manual_curation,gene,42029100,42032825,.,-,.,ID=GSCOCG00000299001;Name=Cc00_g05420,Cc00_g05420,CNL
101292,chr3,manual_curation,gene,11818511,11821390,.,-,.,ID=GSCOCG00030937001;Name=Cc03_g09550,Cc03_g09550,CNL
297027,chr11,manual_curation,gene,30632032,30638219,.,-,.,ID=GSCOCG00032129001;Name=Cc11_g13870,Cc11_g13870,TNL
326289,chr0,manual_curation,gene,128989016,128992168,.,-,.,ID=GSCOCG00005237001;Name=Cc00_g20220,Cc00_g20220,CNL
136372,chr5,manual_curation,gene,7567764,7580404,.,-,.,ID=GSCOCG00018412001;Name=Cc05_g02150,Cc05_g02150,CNL
224347,chr8,manual_curation,gene,7333530,7336382,.,+,.,ID=GSCOCG00015648001;Name=Cc08_g04550,Cc08_g04550,CNL
306132,chr0,manual_curation,gene,23090245,23093775,.,-,.,ID=GSCOCG00011591001;Name=Cc00_g03250,Cc00_g03250,CNL
332182,chr0,manual_curation,gene,159902855,159907204,.,-,.,ID=GSCOCG00012894001;Name=Cc00_g25560,Cc00_g25560,CNL
130688,chr4,manual_curation,gene,22458888,22462616,.,+,.,ID=GSCOCG00040735001;Name=Cc04_g14730,Cc04_g14730,CNL
305872,chr0,manual_curation,gene,21183074,21187451,.,-,.,ID=GSCOCG00004319001;Name=Cc00_g02960,Cc00_g02960,CNL
331535,chr0,manual_curation,gene,156151922,156155626,.,-,.,ID=GSCOCG00006026001;Name=Cc00_g24910,Cc00_g24910,
221369,chr8,manual_curation,gene,2418211,2421017,.,+,.,ID=GSCOCG00037660001;Name=Cc08_g02020,Cc08_g02020,CNL
3464,chr1,manual_curation,gene,6149577,6153343,.,-,.,ID=GSCOCG00019055001;Name=Cc01_g03010,Cc01_g03010,CNL
325317,chr0,manual_curation,gene,124274289,124280955,.,+,.,ID=GSCOCG00012531001;Name=Cc00_g19200,Cc00_g19200,TNL
105141,chr3,manual_curation,gene,22296385,22300188,.,-,.,ID=GSCOCG00015166001;Name=Cc03_g12720,Cc03_g12720,CNL
339583,chr0,manual_curation,gene,197407817,197408077,.,-,.,ID=GSCOCG00012165001;Name=Cc00_g34000,Cc00_g34000,CNL
111577,chr4,manual_curation,gene,885565,888429,.,+,.,ID=GSCOCG00021761001;Name=Cc04_g01220,Cc04_g01220,CNL
323304,chr0,manual_curation,gene,116107743,116111605,.,-,.,ID=GSCOCG00008109001;Name=Cc00_g17390,Cc00_g17390,CNL
781,chr1,manual_curation,gene,785574,792382,.,+,.,ID=GSCOCG00011035001;Name=Cc01_g00550,Cc01_g00550,CNL
297022,chr11,manual_curation,gene,30630476,30631837,.,-,.,ID=GSCOCG00032130001;Name=Cc11_g13860,Cc11_g13860,
2634,chr1,manual_curation,gene,4145815,4157657,.,+,.,ID=GSCOCG00019326001;Name=Cc01_g02280,Cc01_g02280,CNL
316281,chr0,manual_curation,gene,91494271,91496619,.,-,.,ID=GSCOCG00002627001;Name=Cc00_g11400,Cc00_g11400,CNL
106387,chr3,manual_curation,gene,27099395,27108875,.,+,.,ID=GSCOCG00031735001;Name=Cc03_g13800,Cc03_g13800,CNL
221358,chr8,manual_curation,gene,2401313,2405905,.,+,.,ID=GSCOCG00037658001;Name=Cc08_g02010,Cc08_g02010,CNL
183603,chr6,manual_curation,gene,21431123,21434059,.,+,.,ID=GSCOCG00029034001;Name=Cc06_g19660,Cc06_g19660,CNL
327965,chr0,manual_curation,gene,137792876,137795998,.,-,.,ID=GSCOCG00010344001;Name=Cc00_g21650,Cc00_g21650,CNL
143149,chr5,manual_curation,gene,22884410,22888404,.,-,.,ID=GSCOCG00016835001;Name=Cc05_g08200,Cc05_g08200,CNL
282638,chr11,manual_curation,gene,8881248,8883890,.,-,.,ID=GSCOCG00018511001;Name=Cc11_g02520,Cc11_g02520,CNL
142810,chr5,manual_curation,gene,22650181,22653450,.,-,.,ID=GSCOCG00016795001;Name=Cc05_g07910,Cc05_g07910,CNL
304606,chr0,manual_curation,gene,13587817,13590717,.,-,.,ID=GSCOCG00001857001;Name=Cc00_g02150,Cc00_g02150,CNL
218083,chr7,manual_curation,gene,26875658,26882628,.,-,.,ID=GSCOCG00027196001;Name=Cc07_g21230,Cc07_g21230,CNL
195189,chr7,manual_curation,gene,2953352,2957335,.,+,.,ID=GSCOCG00039678001;Name=Cc07_g04260,Cc07_g04260,
331044,chr0,manual_curation,gene,153860011,153864390,.,-,.,ID=GSCOCG00004470001;Name=Cc00_g24460,Cc00_g24460,CNL
105126,chr3,manual_curation,gene,22222214,22226095,.,-,.,ID=GSCOCG00015167001;Name=Cc03_g12710,Cc03_g12710,CNL
319262,chr0,manual_curation,gene,102426976,102429743,.,+,.,ID=GSCOCG00006564001;Name=Cc00_g13920,Cc00_g13920,CNL
339880,chr0,manual_curation,gene,199127907,199129925,.,+,.,ID=GSCOCG00011316001;Name=Cc00_g34350,Cc00_g34350,CNL
52289,chr2,manual_curation,gene,13484635,13488875,.,-,.,ID=GSCOCG00013966001;Name=Cc02_g15250,Cc02_g15250,
71790,chr2,manual_curation,gene,27715513,27718278,.,-,.,ID=GSCOCG00018162001;Name=Cc02_g28750,Cc02_g28750,CNL
183594,chr6,manual_curation,gene,21396462,21400745,.,-,.,ID=GSCOCG00029033001;Name=Cc06_g19650,Cc06_g19650,CNL
138157,chr5,manual_curation,gene,15289708,15292026,.,+,.,ID=GSCOCG00003711001;Name=Cc05_g03570,Cc05_g03570,CNL
130159,chr4,manual_curation,gene,20624530,20626197,.,-,.,ID=GSCOCG00035968001;Name=Cc04_g14270,Cc04_g14270,CNL
325655,chr0,manual_curation,gene,125455655,125460586,.,+,.,ID=GSCOCG00007982001;Name=Cc00_g19540,Cc00_g19540,CNL
304593,chr0,manual_curation,gene,13421634,13424788,.,-,.,ID=GSCOCG00001855001;Name=Cc00_g02140,Cc00_g02140,CNL
334139,chr0,manual_curation,gene,173946867,173949938,.,+,.,ID=GSCOCG00008599001;Name=Cc00_g27700,Cc00_g27700,CNL
105107,chr3,manual_curation,gene,22177543,22183292,.,-,.,ID=GSCOCG00015172001;Name=Cc03_g12700,Cc03_g12700,CNL
335674,chr0,manual_curation,gene,180732504,180734804,.,+,.,ID=GSCOCG00002041001;Name=Cc00_g29430,Cc00_g29430,CNL
316970,chr0,manual_curation,gene,93727595,93731494,.,-,.,ID=GSCOCG00000029001;Name=Cc00_g12030,Cc00_g12030,CNL
107487,chr3,manual_curation,gene,29569449,29572003,.,+,.,ID=GSCOCG00026719001;Name=Cc03_g14790,Cc03_g14790,CNL
330290,chr0,manual_curation,gene,150975999,150979560,.,-,.,ID=GSCOCG00013528001;Name=Cc00_g23800,Cc00_g23800,CNL
71783,chr2,manual_curation,gene,27696379,27697789,.,-,.,ID=GSCOCG00018161001;Name=Cc02_g28740,Cc02_g28740,
318274,chr0,manual_curation,gene,98783822,98785987,.,+,.,ID=GSCOCG00005396001;Name=Cc00_g13110,Cc00_g13110,
338063,chr0,manual_curation,gene,190159263,190161419,.,+,.,ID=GSCOCG00008006001;Name=Cc00_g32170,Cc00_g32170,CNL
140021,chr5,manual_curation,gene,19840651,19845377,.,-,.,ID=GSCOCG00035096001;Name=Cc05_g05290,Cc05_g05290,CNL
130150,chr4,manual_curation,gene,20516764,20518764,.,-,.,ID=GSCOCG00035963001;Name=Cc04_g14260,Cc04_g14260,CNL
338965,chr0,manual_curation,gene,194416266,194418050,.,-,.,ID=GSCOCG00001147001;Name=Cc00_g33250,Cc00_g33250,
304588,chr0,manual_curation,gene,13331456,13336079,.,-,.,ID=GSCOCG00001853001;Name=Cc00_g02130,Cc00_g02130,CNL
101202,chr3,manual_curation,gene,11775368,11777599,.,+,.,ID=GSCOCG00030931001;Name=Cc03_g09510,Cc03_g09510,CNL
315353,chr0,manual_curation,gene,87397234,87399072,.,-,.,ID=GSCOCG00003950001;Name=Cc00_g10650,Cc00_g10650,CNL
7434,chr1,manual_curation,gene,22856549,22858930,.,+,.,ID=GSCOCG00027453001;Name=Cc01_g06150,Cc01_g06150,
282065,chr11,manual_curation,gene,6294842,6297912,.,+,.,ID=GSCOCG00033032001;Name=Cc11_g02060,Cc11_g02060,CNL
756,chr1,manual_curation,gene,764816,769019,.,+,.,ID=GSCOCG00011031001;Name=Cc01_g00520,Cc01_g00520,CNL
337105,chr0,manual_curation,gene,186760349,186762367,.,+,.,ID=GSCOCG00005377001;Name=Cc00_g31080,Cc00_g31080,CNL
323265,chr0,manual_curation,gene,116040312,116043383,.,+,.,ID=GSCOCG00007781001;Name=Cc00_g17360,Cc00_g17360,CNL
332471,chr0,manual_curation,gene,162151588,162155155,.,-,.,ID=GSCOCG00001189001;Name=Cc00_g25880,Cc00_g25880,CNL
71760,chr2,manual_curation,gene,27662466,27667626,.,-,.,ID=GSCOCG00009469001;Name=Cc02_g28730,Cc02_g28730,CNL
108376,chr3,manual_curation,gene,31113167,31114061,.,-,.,ID=GSCOCG00026834001;Name=Cc03_g15500,Cc03_g15500,
100716,chr3,manual_curation,gene,10486467,10489286,.,+,.,ID=GSCOCG00042717001;Name=Cc03_g09070,Cc03_g09070,
108755,chr3,manual_curation,gene,31581545,31586959,.,+,.,ID=GSCOCG00001642001;Name=Cc03_g15860,Cc03_g15860,CNL
340756,chr0,manual_curation,gene,203517297,203517947,.,-,.,ID=GSCOCG00009735001;Name=Cc00_g35410,Cc00_g35410,CNL
1871,chr1,manual_curation,gene,2520456,2525052,.,-,.,ID=GSCOCG00037879001;Name=Cc01_g01600,Cc01_g01600,CNL
314210,chr0,manual_curation,gene,82004622,82006751,.,-,.,ID=GSCOCG00007389001;Name=Cc00_g09630,Cc00_g09630,CNL
333444,chr0,manual_curation,gene,169073011,169076364,.,-,.,ID=GSCOCG00011577001;Name=Cc00_g26960,Cc00_g26960,CNL
140016,chr5,manual_curation,gene,19744457,19748721,.,+,.,ID=GSCOCG00035095001;Name=Cc05_g05280,Cc05_g05280,CNL
314609,chr0,manual_curation,gene,84449013,84451799,.,+,.,ID=GSCOCG00005173001;Name=Cc00_g09990,Cc00_g09990,CNL
130141,chr4,manual_curation,gene,20502225,20504987,.,-,.,ID=GSCOCG00035962001;Name=Cc04_g14250,Cc04_g14250,CNL
245624,chr9,manual_curation,gene,2509455,2512735,.,-,.,ID=GSCOCG00017606001;Name=Cc09_g02970,Cc09_g02970,
135075,chr5,manual_curation,gene,2033008,2036590,.,+,.,ID=GSCOCG00000794001;Name=Cc05_g01020,Cc05_g01020,CNL
304571,chr0,manual_curation,gene,13316007,13321829,.,-,.,ID=GSCOCG00001851001;Name=Cc00_g02120,Cc00_g02120,CNL
94844,chr3,manual_curation,gene,3531702,3535058,.,+,.,ID=GSCOCG00026174001;Name=Cc03_g04520,Cc03_g04520,CNL
101667,chr3,manual_curation,gene,12305501,12309362,.,+,.,ID=GSCOCG00030976001;Name=Cc03_g09860,Cc03_g09860,CNL
282058,chr11,manual_curation,gene,6282140,6285506,.,+,.,ID=GSCOCG00033035001;Name=Cc11_g02050,Cc11_g02050,CNL
321264,chr0,manual_curation,gene,108357898,108363021,.,+,.,ID=GSCOCG00001952001;Name=Cc00_g15620,Cc00_g15620,CNL
316952,chr0,manual_curation,gene,93691221,93693390,.,-,.,ID=GSCOCG00000025001;Name=Cc00_g12010,Cc00_g12010,CNL
72621,chr2,manual_curation,gene,30413399,30419473,.,-,.,ID=GSCOCG00018357001;Name=Cc02_g29370,Cc02_g29370,
224288,chr8,manual_curation,gene,7201292,7204190,.,+,.,ID=GSCOCG00015639001;Name=Cc08_g04500,Cc08_g04500,CNL
136706,chr5,manual_curation,gene,10135145,10141045,.,+,.,ID=GSCOCG00020964001;Name=Cc05_g02460,Cc05_g02460,CNL
327068,chr0,manual_curation,gene,133438655,133441495,.,-,.,ID=GSCOCG00001070001;Name=Cc00_g20890,Cc00_g20890,CNL
2599,chr1,manual_curation,gene,4133724,4135236,.,+,.,ID=GSCOCG00019320001;Name=Cc01_g02240,Cc01_g02240,
71745,chr2,manual_curation,gene,27646215,27649892,.,-,.,ID=GSCOCG00009467001;Name=Cc02_g28720,Cc02_g28720,CNL
73486,chr2,manual_curation,gene,33758465,33764772,.,+,.,ID=GSCOCG00038944001;Name=Cc02_g30020,Cc02_g30020,CNL
79301,chr2,manual_curation,gene,47204803,47208534,.,-,.,ID=GSCOCG00008652001;Name=Cc02_g33990,Cc02_g33990,CNL
121946,chr4,manual_curation,gene,6310814,6313336,.,+,.,ID=GSCOCG00022637001;Name=Cc04_g07960,Cc04_g07960,
314205,chr0,manual_curation,gene,81995763,81996713,.,-,.,ID=GSCOCG00007388001;Name=Cc00_g09620,Cc00_g09620,CNL
140011,chr5,manual_curation,gene,19667891,19671658,.,+,.,ID=GSCOCG00035090001;Name=Cc05_g05270,Cc05_g05270,CNL
334709,chr0,manual_curation,gene,176953270,176956122,.,-,.,ID=GSCOCG00009751001;Name=Cc00_g28320,Cc00_g28320,
325632,chr0,manual_curation,gene,125427781,125430924,.,+,.,ID=GSCOCG00007978001;Name=Cc00_g19510,Cc00_g19510,CNL
338951,chr0,manual_curation,gene,194398173,194400839,.,+,.,ID=GSCOCG00003235001;Name=Cc00_g33230,Cc00_g33230,CNL
304562,chr0,manual_curation,gene,13251914,13254799,.,-,.,ID=GSCOCG00001848001;Name=Cc00_g02110,Cc00_g02110,CNL
7404,chr1,manual_curation,gene,22778443,22780999,.,-,.,ID=GSCOCG00027449001;Name=Cc01_g06130,Cc01_g06130,
129680,chr4,manual_curation,gene,19760582,19763696,.,+,.,ID=GSCOCG00035912001;Name=Cc04_g13950,Cc04_g13950,CNL
282045,chr11,manual_curation,gene,6250668,6256853,.,+,.,ID=GSCOCG00033036001;Name=Cc11_g02040,Cc11_g02040,CNL
316943,chr0,manual_curation,gene,93687717,93689569,.,-,.,ID=GSCOCG00000024001;Name=Cc00_g12000,Cc00_g12000,CNL
107466,chr3,manual_curation,gene,29507169,29513333,.,+,.,ID=GSCOCG00026711001;Name=Cc03_g14760,Cc03_g14760,CNL
326622,chr0,manual_curation,gene,130916651,130917604,.,-,.,ID=GSCOCG00000804001;Name=Cc00_g20520,Cc00_g20520,CNL
142174,chr5,manual_curation,gene,22200718,22204134,.,+,.,ID=GSCOCG00042271001;Name=Cc05_g07430,Cc05_g07430,CNL
332451,chr0,manual_curation,gene,162111253,162114520,.,-,.,ID=GSCOCG00002689001;Name=Cc00_g25860,Cc00_g25860,CNL
316635,chr0,manual_curation,gene,92486625,92489804,.,-,.,ID=GSCOCG00007637001;Name=Cc00_g11710,Cc00_g11710,CNL
213095,chr7,manual_curation,gene,14393547,14397410,.,+,.,ID=GSCOCG00037451001;Name=Cc07_g17280,Cc07_g17280,CNL
217190,chr7,manual_curation,gene,23108380,23112288,.,+,.,ID=GSCOCG00015704001;Name=Cc07_g20460,Cc07_g20460,CNL
329870,chr0,manual_curation,gene,147811398,147814523,.,+,.,ID=GSCOCG00008874001;Name=Cc00_g23330,Cc00_g23330,CNL
68784,chr2,manual_curation,gene,24116493,24120639,.,-,.,ID=GSCOCG00024951001;Name=Cc02_g26540,Cc02_g26540,CNL
334700,chr0,manual_curation,gene,176946918,176949061,.,-,.,ID=GSCOCG00005346001;Name=Cc00_g28310,Cc00_g28310,CNL
1441,chr1,manual_curation,gene,1768663,1771209,.,+,.,ID=GSCOCG00037977001;Name=Cc01_g01140,Cc01_g01140,CNL
101647,chr3,manual_curation,gene,12279109,12282484,.,+,.,ID=GSCOCG00030974001;Name=Cc03_g09840,Cc03_g09840,
107455,chr3,manual_curation,gene,29470439,29474106,.,+,.,ID=GSCOCG00026708001;Name=Cc03_g14750,Cc03_g14750,CNL
127191,chr4,manual_curation,gene,13092911,13095583,.,-,.,ID=GSCOCG00005248001;Name=Cc04_g12060,Cc04_g12060,CNL
136692,chr5,manual_curation,gene,10043357,10044769,.,+,.,ID=GSCOCG00020969001;Name=Cc05_g02440,Cc05_g02440,CNL
333676,chr0,manual_curation,gene,170931054,170931980,.,+,.,ID=GSCOCG00001161001;Name=Cc00_g27220,Cc00_g27220,
73466,chr2,manual_curation,gene,33690950,33694248,.,+,.,ID=GSCOCG00038938001;Name=Cc02_g30000,Cc02_g30000,CNL
213090,chr7,manual_curation,gene,14385815,14389615,.,+,.,ID=GSCOCG00037453001;Name=Cc07_g17270,Cc07_g17270,CNL
8528,chr1,manual_curation,gene,24263783,24266311,.,+,.,ID=GSCOCG00030100001;Name=Cc01_g06910,Cc01_g06910,CNL
329863,chr0,manual_curation,gene,147782243,147784054,.,-,.,ID=GSCOCG00002281001;Name=Cc00_g23320,Cc00_g23320,CNL
139993,chr5,manual_curation,gene,19647177,19650164,.,+,.,ID=GSCOCG00035087001;Name=Cc05_g05250,Cc05_g05250,CNL
333423,chr0,manual_curation,gene,169051031,169054916,.,-,.,ID=GSCOCG00005551001;Name=Cc00_g26930,Cc00_g26930,CNL
314572,chr0,manual_curation,gene,84326945,84328658,.,+,.,ID=GSCOCG00013628001;Name=Cc00_g09960,Cc00_g09960,CNL
101638,chr3,manual_curation,gene,12250752,12254685,.,+,.,ID=GSCOCG00030973001;Name=Cc03_g09830,Cc03_g09830,CNL
327378,chr0,manual_curation,gene,135012067,135014709,.,-,.,ID=GSCOCG00012296001;Name=Cc00_g21150,Cc00_g21150,CNL
315746,chr0,manual_curation,gene,88702064,88704992,.,-,.,ID=GSCOCG00006920001;Name=Cc00_g10970,Cc00_g10970,CNL
313709,chr0,manual_curation,gene,79315041,79320068,.,+,.,ID=GSCOCG00011964001;Name=Cc00_g09160,Cc00_g09160,CNL
282013,chr11,manual_curation,gene,6214531,6220426,.,+,.,ID=GSCOCG00033038001;Name=Cc11_g02020,Cc11_g02020,CNL
338674,chr0,manual_curation,gene,193084493,193087051,.,+,.,ID=GSCOCG00001516001;Name=Cc00_g32920,Cc00_g32920,CNL
127182,chr4,manual_curation,gene,13054118,13066847,.,-,.,ID=GSCOCG00005247001;Name=Cc04_g12050,Cc04_g12050,CNL
340116,chr0,manual_curation,gene,200628274,200630408,.,+,.,ID=GSCOCG00000597001;Name=Cc00_g34650,Cc00_g34650,CNL
337081,chr0,manual_curation,gene,186668158,186669596,.,+,.,ID=GSCOCG00006532001;Name=Cc00_g31040,Cc00_g31040,
224663,chr8,manual_curation,gene,8222830,8228139,.,+,.,ID=GSCOCG00042491001;Name=Cc08_g04830,Cc08_g04830,
142151,chr5,manual_curation,gene,22187427,22191461,.,+,.,ID=GSCOCG00042269001;Name=Cc05_g07410,Cc05_g07410,CNL
314848,chr0,manual_curation,gene,85024357,85028217,.,+,.,ID=GSCOCG00000014001;Name=Cc00_g10170,Cc00_g10170,CNL
213085,chr7,manual_curation,gene,14358478,14361948,.,+,.,ID=GSCOCG00037456001;Name=Cc07_g17260,Cc07_g17260,CNL
193580,chr7,manual_curation,gene,2123155,2123892,.,+,.,ID=GSCOCG00039528001;Name=Cc07_g03110,Cc07_g03110,CNL
253341,chr9,manual_curation,gene,12758639,12760470,.,+,.,ID=GSCOCG00020826001;Name=Cc09_g08560,Cc09_g08560,CNL
314564,chr0,manual_curation,gene,84239248,84241776,.,+,.,ID=GSCOCG00013623001;Name=Cc00_g09950,Cc00_g09950,CNL
96078,chr3,manual_curation,gene,4530298,4533782,.,-,.,ID=GSCOCG00026306001;Name=Cc03_g05490,Cc03_g05490,
96973,chr3,manual_curation,gene,5241900,5246075,.,+,.,ID=GSCOCG00026411001;Name=Cc03_g06210,Cc03_g06210,CNL
97437,chr3,manual_curation,gene,5510761,5512469,.,-,.,ID=GSCOCG00026458001;Name=Cc03_g06570,Cc03_g06570,TNL
315739,chr0,manual_curation,gene,88655250,88658126,.,-,.,ID=GSCOCG00006918001;Name=Cc00_g10960,Cc00_g10960,CNL
321607,chr0,manual_curation,gene,109875641,109878740,.,+,.,ID=GSCOCG00007990001;Name=Cc00_g15940,Cc00_g15940,CNL
107439,chr3,manual_curation,gene,29427198,29429014,.,+,.,ID=GSCOCG00026706001;Name=Cc03_g14730,Cc03_g14730,CNL
337076,chr0,manual_curation,gene,186666847,186667677,.,+,.,ID=GSCOCG00006531001;Name=Cc00_g31030,Cc00_g31030,CNL
340111,chr0,manual_curation,gene,200561979,200563613,.,+,.,ID=GSCOCG00009933001;Name=Cc00_g34640,Cc00_g34640,
329006,chr0,manual_curation,gene,143077248,143079146,.,-,.,ID=GSCOCG00008045001;Name=Cc00_g22580,Cc00_g22580,CNL
314841,chr0,manual_curation,gene,85000313,85003830,.,+,.,ID=GSCOCG00000011001;Name=Cc00_g10160,Cc00_g10160,CNL
340975,chr0,manual_curation,gene,204631956,204632966,.,-,.,ID=GSCOCG00007506001;Name=Cc00_g35720,Cc00_g35720,CNL
213078,chr7,manual_curation,gene,14350168,14353764,.,+,.,ID=GSCOCG00037457001;Name=Cc07_g17250,Cc07_g17250,CNL
303989,chr0,manual_curation,gene,8741916,8744580,.,+,.,ID=GSCOCG00010935001;Name=Cc00_g01350,Cc00_g01350,CNL
139983,chr5,manual_curation,gene,19624370,19628107,.,+,.,ID=GSCOCG00035084001;Name=Cc05_g05230,Cc05_g05230,CNL
329849,chr0,manual_curation,gene,147763534,147765954,.,-,.,ID=GSCOCG00002278001;Name=Cc00_g23300,Cc00_g23300,CNL
217570,chr7,manual_curation,gene,24846570,24850009,.,-,.,ID=GSCOCG00027281001;Name=Cc07_g20790,Cc07_g20790,CNL
618,chr1,manual_curation,gene,419818,426557,.,+,.,ID=GSCOCG00005539001;Name=Cc01_g00390,Cc01_g00390,CNL
253336,chr9,manual_curation,gene,12758017,12758433,.,+,.,ID=GSCOCG00020825001;Name=Cc09_g08550,Cc09_g08550,CNL
68758,chr2,manual_curation,gene,24095339,24100126,.,-,.,ID=GSCOCG00024948001;Name=Cc02_g26510,Cc02_g26510,CNL
285106,chr11,manual_curation,gene,17777477,17781207,.,+,.,ID=GSCOCG00004805001;Name=Cc11_g04530,Cc11_g04530,CNL
285428,chr11,manual_curation,gene,19250303,19255838,.,-,.,ID=GSCOCG00042931001;Name=Cc11_g04890,Cc11_g04890,CNL
303304,chr0,manual_curation,gene,1443773,1447517,.,+,.,ID=GSCOCG00036172001;Name=Cc00_g00700,Cc00_g00700,CNL
102180,chr3,manual_curation,gene,13457440,13462470,.,+,.,ID=GSCOCG00031055001;Name=Cc03_g10390,Cc03_g10390,CNL
214827,chr7,manual_curation,gene,16296932,16301681,.,-,.,ID=GSCOCG00018714001;Name=Cc07_g18690,Cc07_g18690,CNL
96962,chr3,manual_curation,gene,5227478,5238923,.,+,.,ID=GSCOCG00026410001;Name=Cc03_g06200,Cc03_g06200,CNL
313689,chr0,manual_curation,gene,79237585,79241074,.,+,.,ID=GSCOCG00011959001;Name=Cc00_g09140,Cc00_g09140,CNL
281995,chr11,manual_curation,gene,6198143,6200933,.,+,.,ID=GSCOCG00033041001;Name=Cc11_g02000,Cc11_g02000,CNL
338658,chr0,manual_curation,gene,193056486,193057574,.,+,.,ID=GSCOCG00008041001;Name=Cc00_g32900,Cc00_g32900,
286894,chr11,manual_curation,gene,21719287,21721944,.,+,.,ID=GSCOCG00020575001;Name=Cc11_g05970,Cc11_g05970,CNL
99856,chr3,manual_curation,gene,8100616,8149709,.,-,.,ID=GSCOCG00033230001;Name=Cc03_g08290,Cc03_g08290,CNL
127171,chr4,manual_curation,gene,12977059,12979827,.,-,.,ID=GSCOCG00005244001;Name=Cc04_g12030,Cc04_g12030,CNL
337355,chr0,manual_curation,gene,187627141,187629483,.,+,.,ID=GSCOCG00002540001;Name=Cc00_g31380,Cc00_g31380,CNL
284539,chr11,manual_curation,gene,16485356,16485808,.,-,.,ID=GSCOCG00034039001;Name=Cc11_g04090,Cc11_g04090,
249617,chr9,manual_curation,gene,6083949,6087993,.,+,.,ID=GSCOCG00033425001;Name=Cc09_g05730,Cc09_g05730,
325524,chr0,manual_curation,gene,124640773,124644416,.,-,.,ID=GSCOCG00013804001;Name=Cc00_g19390,Cc00_g19390,CNL
314832,chr0,manual_curation,gene,84978543,84980454,.,+,.,ID=GSCOCG00000010001;Name=Cc00_g10150,Cc00_g10150,CNL
320759,chr0,manual_curation,gene,106137148,106140712,.,-,.,ID=GSCOCG00001376001;Name=Cc00_g15130,Cc00_g15130,TNL
314550,chr0,manual_curation,gene,84218614,84219599,.,+,.,ID=GSCOCG00013003001;Name=Cc00_g09930,Cc00_g09930,
106619,chr3,manual_curation,gene,27790452,27794357,.,+,.,ID=GSCOCG00031780001;Name=Cc03_g13990,Cc03_g13990,CNL
223288,chr8,manual_curation,gene,5069753,5072536,.,+,.,ID=GSCOCG00034159001;Name=Cc08_g03720,Cc08_g03720,CNL
322282,chr0,manual_curation,gene,112792358,112800222,.,+,.,ID=GSCOCG00000764001;Name=Cc00_g16570,Cc00_g16570,CNL
214822,chr7,manual_curation,gene,16291508,16292983,.,+,.,ID=GSCOCG00018716001;Name=Cc07_g18680,Cc07_g18680,CNL
333027,chr0,manual_curation,gene,166286982,166290844,.,+,.,ID=GSCOCG00008104001;Name=Cc00_g26460,Cc00_g26460,CNL
314054,chr0,manual_curation,gene,81287441,81291308,.,-,.,ID=GSCOCG00013014001;Name=Cc00_g09490,Cc00_g09490,CNL
107425,chr3,manual_curation,gene,29417468,29418775,.,+,.,ID=GSCOCG00026703001;Name=Cc03_g14710,Cc03_g14710,TNL
127166,chr4,manual_curation,gene,12824883,12828644,.,+,.,ID=GSCOCG00037420001;Name=Cc04_g12020,Cc04_g12020,CNL
337062,chr0,manual_curation,gene,186444589,186445515,.,+,.,ID=GSCOCG00002438001;Name=Cc00_g31010,Cc00_g31010,
337350,chr0,manual_curation,gene,187559864,187561783,.,+,.,ID=GSCOCG00007503001;Name=Cc00_g31370,Cc00_g31370,CNL
284532,chr11,manual_curation,gene,16463576,16472379,.,-,.,ID=GSCOCG00034037001;Name=Cc11_g04080,Cc11_g04080,CNL
217918,chr7,manual_curation,gene,26470410,26472560,.,-,.,ID=GSCOCG00027223001;Name=Cc07_g21060,Cc07_g21060,CNL
102812,chr3,manual_curation,gene,14282954,14285800,.,-,.,ID=GSCOCG00042010001;Name=Cc03_g10810,Cc03_g10810,CNL
284216,chr11,manual_curation,gene,15691634,15692575,.,-,.,ID=GSCOCG00033980001;Name=Cc11_g03790,Cc11_g03790,CNL
0,chr1,manual_curation,gene,390,1820,.,-,.,ID=GSCOCG00012439001;Name=Cc01_g00010,Cc01_g00010,CNL
139962,chr5,manual_curation,gene,19601676,19604015,.,+,.,ID=GSCOCG00035079001;Name=Cc05_g05210,Cc05_g05210,CNL
314545,chr0,manual_curation,gene,84215822,84218451,.,+,.,ID=GSCOCG00013002001;Name=Cc00_g09920,Cc00_g09920,CNL
106610,chr3,manual_curation,gene,27623122,27626283,.,-,.,ID=GSCOCG00031774001;Name=Cc03_g13980,Cc03_g13980,CNL
325935,chr0,manual_curation,gene,127036599,127038670,.,-,.,ID=GSCOCG00004050001;Name=Cc00_g19810,Cc00_g19810,CNL
223279,chr8,manual_curation,gene,4991874,4994867,.,+,.,ID=GSCOCG00034157001;Name=Cc08_g03710,Cc08_g03710,CNL
214816,chr7,manual_curation,gene,16272882,16279244,.,-,.,ID=GSCOCG00018718001;Name=Cc07_g18670,Cc07_g18670,CNL
221582,chr8,manual_curation,gene,2676910,2677614,.,-,.,ID=GSCOCG00037681001;Name=Cc08_g02190,Cc08_g02190,CNL
3685,chr1,manual_curation,gene,6987520,6990124,.,-,.,ID=GSCOCG00033153001;Name=Cc01_g03180,Cc01_g03180,CNL
314049,chr0,manual_curation,gene,81239439,81242081,.,-,.,ID=GSCOCG00013010001;Name=Cc00_g09480,Cc00_g09480,CNL
99838,chr3,manual_curation,gene,8089336,8092137,.,-,.,ID=GSCOCG00033228001;Name=Cc03_g08270,Cc03_g08270,CNL
9271,chr1,manual_curation,gene,25445316,25449065,.,-,.,ID=GSCOCG00009389001;Name=Cc01_g07510,Cc01_g07510,CNL
144224,chr5,manual_curation,gene,23644535,23650504,.,+,.,ID=GSCOCG00002672001;Name=Cc05_g09100,Cc05_g09100,
290140,chr11,manual_curation,gene,26177530,26182531,.,-,.,ID=GSCOCG00032829001;Name=Cc11_g08760,Cc11_g08760,CNL
213057,chr7,manual_curation,gene,14289597,14291489,.,+,.,ID=GSCOCG00037463001;Name=Cc07_g17220,Cc07_g17220,CNL
303965,chr0,manual_curation,gene,8565765,8569532,.,+,.,ID=GSCOCG00010926001;Name=Cc00_g01320,Cc00_g01320,CNL
330154,chr0,manual_curation,gene,149727634,149732381,.,+,.,ID=GSCOCG00001062001;Name=Cc00_g23630,Cc00_g23630,CNL
305950,chr0,manual_curation,gene,21546767,21547500,.,-,.,ID=GSCOCG00003056001;Name=Cc00_g03050,Cc00_g03050,CNL
221575,chr8,manual_curation,gene,2669209,2672091,.,-,.,ID=GSCOCG00037679001;Name=Cc08_g02180,Cc08_g02180,CNL
280483,chr11,manual_curation,gene,2993784,2998701,.,-,.,ID=GSCOCG00019673001;Name=Cc11_g00960,Cc11_g00960,CNL
99833,chr3,manual_curation,gene,7996122,8000414,.,-,.,ID=GSCOCG00033225001;Name=Cc03_g08260,Cc03_g08260,CNL
337332,chr0,manual_curation,gene,187532750,187536256,.,+,.,ID=GSCOCG00006492001;Name=Cc00_g31350,Cc00_g31350,CNL
288807,chr11,manual_curation,gene,24601430,24605460,.,+,.,ID=GSCOCG00018020001;Name=Cc11_g07670,Cc11_g07670,CNL
313161,chr0,manual_curation,gene,75622473,75626024,.,-,.,ID=GSCOCG00011514001;Name=Cc00_g08820,Cc00_g08820,CNL
101004,chr3,manual_curation,gene,10876104,10879799,.,-,.,ID=GSCOCG00042681001;Name=Cc03_g09340,Cc03_g09340,CNL
284200,chr11,manual_curation,gene,15465872,15471071,.,-,.,ID=GSCOCG00033974001;Name=Cc11_g03770,Cc11_g03770,CNL
96870,chr3,manual_curation,gene,5078662,5083224,.,-,.,ID=GSCOCG00026387001;Name=Cc03_g06090,Cc03_g06090,CNL
290135,chr11,manual_curation,gene,26171147,26174989,.,+,.,ID=GSCOCG00032830001;Name=Cc11_g08750,Cc11_g08750,CNL
140278,chr5,manual_curation,gene,20177334,20182779,.,+,.,ID=GSCOCG00035128001;Name=Cc05_g05550,Cc05_g05550,CNL
314519,chr0,manual_curation,gene,84163683,84166337,.,+,.,ID=GSCOCG00012999001;Name=Cc00_g09900,Cc00_g09900,CNL
212723,chr7,manual_curation,gene,13988434,13993130,.,-,.,ID=GSCOCG00037499001;Name=Cc07_g16920,Cc07_g16920,CNL
316467,chr0,manual_curation,gene,91894557,91900905,.,+,.,ID=GSCOCG00003165001;Name=Cc00_g11560,Cc00_g11560,CNL
336409,chr0,manual_curation,gene,183665123,183667650,.,-,.,ID=GSCOCG00002196001;Name=Cc00_g30260,Cc00_g30260,
135839,chr5,manual_curation,gene,4201281,4204013,.,-,.,ID=GSCOCG00010974001;Name=Cc05_g01650,Cc05_g01650,CNL
340595,chr0,manual_curation,gene,202823248,202824540,.,-,.,ID=GSCOCG00006553001;Name=Cc00_g35240,Cc00_g35240,
221570,chr8,manual_curation,gene,2657923,2660820,.,-,.,ID=GSCOCG00037678001;Name=Cc08_g02170,Cc08_g02170,CNL
2090,chr1,manual_curation,gene,3097512,3100742,.,-,.,ID=GSCOCG00037847001;Name=Cc01_g01790,Cc01_g01790,TNL
280478,chr11,manual_curation,gene,2929969,2930727,.,-,.,ID=GSCOCG00019674001;Name=Cc11_g00950,Cc11_g00950,CNL
314019,chr0,manual_curation,gene,81153991,81157108,.,+,.,ID=GSCOCG00008033001;Name=Cc00_g09460,Cc00_g09460,CNL
288802,chr11,manual_curation,gene,24589618,24591726,.,+,.,ID=GSCOCG00018021001;Name=Cc11_g07660,Cc11_g07660,CNL
272553,chr10,manual_curation,gene,19628388,19632212,.,-,.,ID=GSCOCG00001439001;Name=Cc10_g11650,Cc10_g11650,CNL
139107,chr5,manual_curation,gene,18216900,18221504,.,+,.,ID=GSCOCG00031672001;Name=Cc05_g04460,Cc05_g04460,CNL
3289,chr1,manual_curation,gene,5481508,5486688,.,+,.,ID=GSCOCG00013225001;Name=Cc01_g02870,Cc01_g02870,CNL
283752,chr11,manual_curation,gene,12458226,12461438,.,-,.,ID=GSCOCG00025419001;Name=Cc11_g03400,Cc11_g03400,CNL
100997,chr3,manual_curation,gene,10868760,10871393,.,-,.,ID=GSCOCG00042683001;Name=Cc03_g09330,Cc03_g09330,CNL
311221,chr0,manual_curation,gene,58890586,58894463,.,+,.,ID=GSCOCG00005537001;Name=Cc00_g07290,Cc00_g07290,CNL
324699,chr0,manual_curation,gene,121312076,121315580,.,+,.,ID=GSCOCG00010033001;Name=Cc00_g18700,Cc00_g18700,CNL
217532,chr7,manual_curation,gene,24510445,24517640,.,-,.,ID=GSCOCG00027308001;Name=Cc07_g20740,Cc07_g20740,CNL
140271,chr5,manual_curation,gene,20157092,20162086,.,+,.,ID=GSCOCG00035126001;Name=Cc05_g05540,Cc05_g05540,CNL
331979,chr0,manual_curation,gene,158859784,158862663,.,-,.,ID=GSCOCG00013705001;Name=Cc00_g25340,Cc00_g25340,CNL
328464,chr0,manual_curation,gene,140235938,140241659,.,+,.,ID=GSCOCG00011254001;Name=Cc00_g22090,Cc00_g22090,CNL
102149,chr3,manual_curation,gene,13239811,13243724,.,+,.,ID=GSCOCG00031049001;Name=Cc03_g10340,Cc03_g10340,CNL
318471,chr0,manual_curation,gene,99517155,99524774,.,-,.,ID=GSCOCG00009821001;Name=Cc00_g13280,Cc00_g13280,CNL
141253,chr5,manual_curation,gene,21399854,21401768,.,-,.,ID=GSCOCG00042163001;Name=Cc05_g06620,Cc05_g06620,CNL
327705,chr0,manual_curation,gene,136515231,136521462,.,-,.,ID=GSCOCG00012062001;Name=Cc00_g21440,Cc00_g21440,CNL
280469,chr11,manual_curation,gene,2904956,2908249,.,-,.,ID=GSCOCG00019675001;Name=Cc11_g00940,Cc11_g00940,CNL
121705,chr4,manual_curation,gene,6166723,6169446,.,+,.,ID=GSCOCG00022616001;Name=Cc04_g07790,Cc04_g07790,CNL
314006,chr0,manual_curation,gene,81144342,81147221,.,+,.,ID=GSCOCG00008031001;Name=Cc00_g09450,Cc00_g09450,CNL
73457,chr2,manual_curation,gene,33647381,33651130,.,+,.,ID=GSCOCG00038933001;Name=Cc02_g29990,Cc02_g29990,CNL
48246,chr2,manual_curation,gene,10178504,10181224,.,+,.,ID=GSCOCG00029310001;Name=Cc02_g12230,Cc02_g12230,
319776,chr0,manual_curation,gene,103317481,103320456,.,-,.,ID=GSCOCG00003654001;Name=Cc00_g14360,Cc00_g14360,CNL
2888,chr1,manual_curation,gene,4699736,4703694,.,-,.,ID=GSCOCG00009695001;Name=Cc01_g02500,Cc01_g02500,CNL
227127,chr8,manual_curation,gene,17995859,18000974,.,-,.,ID=GSCOCG00025230001;Name=Cc08_g06850,Cc08_g06850,TNL
82583,chr2,manual_curation,gene,50503617,50505335,.,-,.,ID=GSCOCG00006336001;Name=Cc02_g36270,Cc02_g36270,
335490,chr0,manual_curation,gene,180272552,180275138,.,-,.,ID=GSCOCG00010570001;Name=Cc00_g29230,Cc00_g29230,CNL
172548,chr6,manual_curation,gene,9402731,9404436,.,+,.,ID=GSCOCG00041632001;Name=Cc06_g11650,Cc06_g11650,CNL
335796,chr0,manual_curation,gene,181250730,181252847,.,-,.,ID=GSCOCG00006885001;Name=Cc00_g29590,Cc00_g29590,CNL
339677,chr0,manual_curation,gene,197828787,197831165,.,+,.,ID=GSCOCG00010673001;Name=Cc00_g34140,Cc00_g34140,
140266,chr5,manual_curation,gene,20149955,20154210,.,+,.,ID=GSCOCG00035123001;Name=Cc05_g05530,Cc05_g05530,CNL
305932,chr0,manual_curation,gene,21422873,21427717,.,-,.,ID=GSCOCG00004327001;Name=Cc00_g03020,Cc00_g03020,CNL
332297,chr0,manual_curation,gene,161025481,161028588,.,-,.,ID=GSCOCG00004622001;Name=Cc00_g25690,Cc00_g25690,CNL
102128,chr3,manual_curation,gene,13229807,13234840,.,+,.,ID=GSCOCG00031048001;Name=Cc03_g10330,Cc03_g10330,CNL
106539,chr3,manual_curation,gene,27478194,27483578,.,+,.,ID=GSCOCG00031763001;Name=Cc03_g13940,Cc03_g13940,
316447,chr0,manual_curation,gene,91878806,91880699,.,+,.,ID=GSCOCG00003163001;Name=Cc00_g11540,Cc00_g11540,
287524,chr11,manual_curation,gene,22986348,22990467,.,-,.,ID=GSCOCG00020675001;Name=Cc11_g06560,Cc11_g06560,CNL
225295,chr8,manual_curation,gene,9590529,9593976,.,+,.,ID=GSCOCG00024302001;Name=Cc08_g05400,Cc08_g05400,CNL
178943,chr6,manual_curation,gene,14228572,14231473,.,+,.,ID=GSCOCG00030725001;Name=Cc06_g16190,Cc06_g16190,CNL
327690,chr0,manual_curation,gene,136512983,136515168,.,+,.,ID=GSCOCG00012061001;Name=Cc00_g21430,Cc00_g21430,CNL
2062,chr1,manual_curation,gene,3052489,3076874,.,+,.,ID=GSCOCG00037850001;Name=Cc01_g01770,Cc01_g01770,TNL
99814,chr3,manual_curation,gene,7986357,7989291,.,-,.,ID=GSCOCG00033221001;Name=Cc03_g08230,Cc03_g08230,CNL
10168,chr1,manual_curation,gene,26510950,26513689,.,+,.,ID=GSCOCG00015503001;Name=Cc01_g08120,Cc01_g08120,CNL
232167,chr8,manual_curation,gene,25496376,25499013,.,+,.,ID=GSCOCG00027039001;Name=Cc08_g10670,Cc08_g10670,
216274,chr7,manual_curation,gene,19111599,19114301,.,+,.,ID=GSCOCG00033853001;Name=Cc07_g19710,Cc07_g19710,CNL
129814,chr4,manual_curation,gene,20020779,20023477,.,-,.,ID=GSCOCG00035930001;Name=Cc04_g14060,Cc04_g14060,CNL
272537,chr10,manual_curation,gene,19552666,19556549,.,+,.,ID=GSCOCG00001434001;Name=Cc10_g11630,Cc10_g11630,CNL
227116,chr8,manual_curation,gene,17987845,17991323,.,+,.,ID=GSCOCG00025229001;Name=Cc08_g06840,Cc08_g06840,TNL
223173,chr8,manual_curation,gene,4786562,4788178,.,+,.,ID=GSCOCG00034144001;Name=Cc08_g03590,Cc08_g03590,CNL
311197,chr0,manual_curation,gene,58846316,58849749,.,+,.,ID=GSCOCG00005534001;Name=Cc00_g07270,Cc00_g07270,CNL
335791,chr0,manual_curation,gene,181214415,181214735,.,+,.,ID=GSCOCG00011766001;Name=Cc00_g29580,Cc00_g29580,CNL
321036,chr0,manual_curation,gene,107558551,107562673,.,-,.,ID=GSCOCG00007646001;Name=Cc00_g15430,Cc00_g15430,CNL
107315,chr3,manual_curation,gene,28981915,28986610,.,-,.,ID=GSCOCG00026676001;Name=Cc03_g14580,Cc03_g14580,CNL
222369,chr8,manual_curation,gene,3596167,3597907,.,+,.,ID=GSCOCG00037796001;Name=Cc08_g02940,Cc08_g02940,
305919,chr0,manual_curation,gene,21370358,21375707,.,-,.,ID=GSCOCG00004326001;Name=Cc00_g03010,Cc00_g03010,CNL
6750,chr1,manual_curation,gene,21641050,21644176,.,-,.,ID=GSCOCG00027377001;Name=Cc01_g05660,Cc01_g05660,CNL
106534,chr3,manual_curation,gene,27477576,27478046,.,+,.,ID=GSCOCG00031762001;Name=Cc03_g13930,Cc03_g13930,
287519,chr11,manual_curation,gene,22969306,22970580,.,+,.,ID=GSCOCG00020672001;Name=Cc11_g06550,Cc11_g06550,CNL
322617,chr0,manual_curation,gene,114546565,114549441,.,+,.,ID=GSCOCG00013631001;Name=Cc00_g16870,Cc00_g16870,CNL